ab0c1f,2025-04-01 23:22:54,OPEN,,
417e96,2025-04-01 23:48:28,DOWN,princesa,
f30edb,2025-04-01 23:49:03,PICK,princesa,
08c100,2025-04-01 23:57:37,FREE,princesa,
7f2728,2025-04-01 23:57:37,FAIL,princesa,
968003,2025-04-02 00:00:28,BACK,princesa,
f848cd,2025-04-02 00:02:42,QUIT,,
374bf6,2025-04-02 00:03:33,OPEN,,
588d56,2025-04-02 00:03:57,PICK,princesa,
c1776d,2025-04-02 00:04:10,BACK,princesa,
1e927d,2025-04-02 00:04:13,QUIT,,
66d283,2025-04-02 00:17:37,OPEN,,
9091d1,2025-04-02 00:17:39,PICK,princesa,
b26a08,2025-04-02 00:17:47,FREE,princesa,
6d6aa3,2025-04-02 00:17:47,FAIL,princesa,
6b0cef,2025-04-02 00:18:10,BACK,princesa,
0f7361,2025-04-02 00:19:13,SELF,princesa,"{c:100,a:2,s:5}"
5787d0,2025-04-02 00:22:51,QUIT,,
ae3e7d,2025-04-02 14:36:51,OPEN,,
e942bb,2025-04-02 14:37:49,DOWN,pintando,
03c4a6,2025-04-02 14:37:50,PICK,pintando,
4429b7,2025-04-02 14:40:12,BACK,pintando,
055f3d,2025-04-02 14:40:14,QUIT,,
0c87dc,2025-04-02 14:47:43,OPEN,,
10b154,2025-04-02 14:47:43,PICK,pintando,
bbd7f8,2025-04-02 14:47:47,BACK,pintando,
dba9db,2025-04-02 14:47:50,PICK,pintando,
6bd376,2025-04-02 14:48:03,TEST,pintando,0
26ef46,2025-04-02 14:50:20,TEST,pintando,0
27edd4,2025-04-02 14:50:36,TEST,pintando,0
7948fc,2025-04-02 14:50:55,TEST,pintando,0
ada8ea,2025-04-02 14:51:02,TEST,pintando,0
e4364b,2025-04-02 14:51:54,TEST,pintando,0
9933ad,2025-04-02 14:52:14,TEST,pintando,0
0e0e02,2025-04-02 14:53:16,TEST,pintando,0
5a0e29,2025-04-02 14:54:50,TEST,pintando,0
a78ac7,2025-04-02 14:55:27,TEST,pintando,0
e85fef,2025-04-02 14:56:00,TEST,pintando,0
a0e75c,2025-04-02 14:59:14,TEST,pintando,50
411a4c,2025-04-02 15:05:39,TEST,pintando,0
b9ed60,2025-04-02 15:06:11,TEST,pintando,0
b2723b,2025-04-02 15:06:40,TEST,pintando,100
122d1f,2025-04-02 15:07:24,TEST,pintando,100
9c927e,2025-04-02 15:07:28,BACK,pintando,
3152c8,2025-04-02 15:07:41,SELF,pintando,"{c:100,a:0,s:0}"
eb8990,2025-04-02 15:08:44,SELF,pintando,"{c:100,a:2,s:5}"
702101,2025-04-02 15:09:21,SELF,pintando,"{c:100,a:2,s:5}"
01388b,2025-04-02 16:03:36,OPEN,,
110208,2025-04-02 16:03:47,DOWN,mumia,
239e40,2025-04-02 16:03:50,PICK,mumia,
eb3fb3,2025-04-02 16:03:58,TEST,mumia,0
35b073,2025-04-02 16:20:48,TEST,mumia,0
c0a3d4,2025-04-02 16:21:18,TEST,mumia,0
1cd9e2,2025-04-02 16:21:37,TEST,mumia,50
9dbb39,2025-04-02 16:22:02,TEST,mumia,50
345ae5,2025-04-02 16:22:09,TEST,mumia,100
7f0960,2025-04-02 16:22:28,TEST,mumia,100
55f609,2025-04-02 16:22:59,BACK,mumia,
ac6103,2025-04-02 16:23:36,SELF,mumia,"{c:100,a:5,s:5}"
8783dc,2025-04-02 16:23:57,DOWN,fuga,
abea22,2025-04-02 16:23:58,PICK,fuga,
384113,2025-04-02 17:20:57,TEST,fuga,0
af094a,2025-04-02 17:21:47,TEST,fuga,0
6fff60,2025-04-02 17:22:19,TEST,fuga,25
327a7a,2025-04-02 17:25:50,TEST,fuga,50
0ee680,2025-04-02 17:26:59,TEST,fuga,50
bbc8f6,2025-04-02 17:30:45,TEST,fuga,50
53479a,2025-04-02 17:33:29,TEST,fuga,50
856d66,2025-04-02 17:35:11,TEST,fuga,0
75c190,2025-04-02 17:38:12,TEST,fuga,75
727ea9,2025-04-02 17:38:25,TEST,fuga,75
674396,2025-04-02 17:39:34,BACK,fuga,
4f30a9,2025-04-02 17:39:36,PICK,fuga,
34993a,2025-04-02 17:39:38,BACK,fuga,
ccbda9,2025-04-02 17:40:00,SELF,fuga,"{c:100,a:5,s:5}"
cec6d5,2025-04-02 17:40:13,QUIT,,
b60314,2025-04-02 23:44:59,OPEN,,
f06bb4,2025-04-02 23:45:30,DOWN,pedra,
869a92,2025-04-02 23:45:34,PICK,pedra,
e9408b,2025-04-02 23:59:20,TEST,pedra,0
b80180,2025-04-03 00:00:31,TEST,pedra,25
2ae9f5,2025-04-03 00:03:50,TEST,pedra,25
2cc13a,2025-04-03 00:04:12,TEST,pedra,0
a8b5bb,2025-04-03 00:04:55,TEST,pedra,0
8d3f77,2025-04-03 00:07:12,TEST,pedra,0
ff4362,2025-04-03 00:07:26,TEST,pedra,0
6a7c14,2025-04-03 00:08:47,TEST,pedra,100
88f654,2025-04-03 00:09:24,BACK,pedra,
f5e77d,2025-04-03 00:10:01,SELF,pedra,"{c:100,a:4,s:5}"
683b1c,2025-04-03 00:10:03,PICK,pintando,
c38253,2025-04-03 00:10:05,BACK,pintando,
6e23a5,2025-04-03 00:10:14,SELF,pintando,"{c:100,a:4,s:5}"
c71dd0,2025-04-03 00:10:23,DOWN,casais,
8bbf17,2025-04-03 00:10:24,PICK,casais,
da3e0c,2025-04-03 00:10:42,BACK,casais,
9c20c1,2025-04-03 00:10:52,PICK,casais,
74133b,2025-04-03 00:15:24,TEST,casais,0
168b7f,2025-04-03 00:15:50,TEST,casais,0
3ddc44,2025-04-03 00:15:56,TEST,casais,0
18bfa2,2025-04-03 00:26:35,TEST,casais,0
f10cf4,2025-04-03 00:27:56,TEST,casais,33
12751f,2025-04-03 00:28:41,TEST,casais,0
a63fae,2025-04-03 00:28:48,TEST,casais,0
113fc5,2025-04-03 00:29:28,TEST,casais,33
4e43a4,2025-04-03 00:30:35,TEST,casais,0
2de093,2025-04-03 00:30:45,TEST,casais,66
a30cf0,2025-04-03 00:31:43,OPEN,,
b809b2,2025-04-03 00:31:46,PICK,casais,
229379,2025-04-03 00:31:53,TEST,casais,33
62b4a5,2025-04-03 00:37:21,TEST,casais,66
389714,2025-04-03 00:41:39,TEST,casais,0
aef6e3,2025-04-03 00:43:21,TEST,casais,100
569f54,2025-04-03 00:45:41,BACK,casais,
b6fb73,2025-04-03 00:45:58,SELF,casais,"{c:100,a:5,s:5}"
cdf140,2025-04-03 00:46:49,DOWN,baruel,
efff3a,2025-04-03 00:46:50,PICK,baruel,
c810da,2025-04-03 00:49:27,FREE,baruel,
dd8e4e,2025-04-03 00:49:51,FREE,baruel,
31ccb1,2025-04-03 01:00:07,TEST,baruel,0
0d4bab,2025-04-03 01:00:30,TEST,baruel,0
a9cc4f,2025-04-03 01:00:52,TEST,baruel,0
c5c3d4,2025-04-03 01:01:10,TEST,baruel,0
38bd1a,2025-04-03 01:01:17,TEST,baruel,0
480c43,2025-04-03 01:01:33,OPEN,,
ab64a9,2025-04-03 01:01:35,PICK,baruel,
2ae3aa,2025-04-03 01:01:38,TEST,baruel,0
f45fe4,2025-04-03 01:02:03,TEST,baruel,0
3ac76f,2025-04-03 01:02:09,TEST,baruel,0
0e495b,2025-04-03 01:04:16,TEST,baruel,0
07f847,2025-04-03 01:04:24,TEST,baruel,0
dc3b84,2025-04-03 01:04:27,TEST,baruel,0
7f004f,2025-04-03 01:05:42,TEST,baruel,0
3df252,2025-04-03 01:06:29,TEST,baruel,0
fd6559,2025-04-03 01:07:24,TEST,baruel,0
5d4000,2025-04-03 01:07:35,TEST,baruel,0
c0bb08,2025-04-03 01:09:19,TEST,baruel,0
9ce2b4,2025-04-03 01:11:10,TEST,baruel,0
576e72,2025-04-03 01:11:21,OPEN,,
490036,2025-04-03 01:11:23,PICK,baruel,
ed7b93,2025-04-03 01:11:44,TEST,baruel,0
6c2297,2025-04-03 01:11:55,TEST,baruel,0
fef239,2025-04-03 01:12:45,TEST,baruel,0
e0dc41,2025-04-03 01:13:42,TEST,baruel,0
85db7a,2025-04-03 01:14:41,TEST,baruel,0
f9b8b2,2025-04-03 01:15:26,TEST,baruel,0
cbf2eb,2025-04-03 01:15:53,TEST,baruel,0
984b81,2025-04-03 01:16:24,TEST,baruel,0
494202,2025-04-03 01:18:34,TEST,baruel,0
2c9273,2025-04-03 01:18:47,TEST,baruel,0
b398c4,2025-04-03 01:18:51,TEST,baruel,0
f1f749,2025-04-03 01:19:01,TEST,baruel,0
3ff3ba,2025-04-03 01:19:26,TEST,baruel,0
88d093,2025-04-03 01:19:47,TEST,baruel,0
e11838,2025-04-03 01:19:49,TEST,baruel,0
68ffc8,2025-04-03 01:20:12,TEST,baruel,0
1e5617,2025-04-03 01:21:34,TEST,baruel,0
ce3643,2025-04-03 01:22:06,TEST,baruel,0
285dfe,2025-04-03 01:23:08,TEST,baruel,0
143d2e,2025-04-03 01:23:13,TEST,baruel,0
1d6583,2025-04-03 01:24:54,TEST,baruel,0
41e2fd,2025-04-03 01:25:01,TEST,baruel,0
1923c2,2025-04-03 01:26:21,TEST,baruel,0
9be2dd,2025-04-03 01:26:30,TEST,baruel,0
c0fa04,2025-04-03 01:27:21,TEST,baruel,0
b55b64,2025-04-03 01:27:27,TEST,baruel,0
8e0de6,2025-04-03 01:27:34,TEST,baruel,0
635881,2025-04-03 01:27:37,TEST,baruel,0
267f18,2025-04-03 01:36:16,TEST,baruel,0
c1112a,2025-04-03 01:47:48,TEST,baruel,0
8d0e59,2025-04-03 01:49:07,TEST,baruel,0
bea250,2025-04-03 01:50:49,TEST,baruel,0
360c7d,2025-04-03 01:51:33,TEST,baruel,0
640eef,2025-04-03 01:52:35,TEST,baruel,0
ad3f71,2025-04-03 01:52:46,OPEN,,
4ec7b2,2025-04-03 01:52:49,PICK,baruel,
4b7699,2025-04-03 01:52:52,TEST,baruel,0
a67eca,2025-04-03 01:53:21,TEST,baruel,0
aa241f,2025-04-03 01:53:50,TEST,baruel,0
a14d7f,2025-04-03 01:54:00,TEST,baruel,0
faf725,2025-04-03 01:54:15,TEST,baruel,0
dd2d24,2025-04-03 01:54:52,TEST,baruel,0
c395e2,2025-04-03 01:55:21,TEST,baruel,0
ebbc53,2025-04-03 01:56:34,TEST,baruel,0
15ba78,2025-04-03 01:56:52,OPEN,,
292843,2025-04-03 01:56:53,PICK,baruel,
f6e2d9,2025-04-03 01:56:54,TEST,baruel,0
fde304,2025-04-03 01:57:16,TEST,baruel,0
ade06a,2025-04-03 01:57:50,TEST,baruel,0
064276,2025-04-03 02:05:45,TEST,baruel,0
28dd52,2025-04-03 02:06:16,TEST,baruel,0
ba21d2,2025-04-03 02:06:39,TEST,baruel,0
f12213,2025-04-03 02:07:04,TEST,baruel,0
b33464,2025-04-03 02:08:59,TEST,baruel,0
58ffc6,2025-04-03 02:09:05,TEST,baruel,0
74fad5,2025-04-03 02:09:10,TEST,baruel,0
fef7ce,2025-04-03 02:09:45,TEST,baruel,0
d6d665,2025-04-03 02:11:25,TEST,baruel,0
3ba944,2025-04-03 02:13:16,TEST,baruel,0
d5934f,2025-04-03 02:13:29,TEST,baruel,0
77bf7f,2025-04-03 02:13:56,TEST,baruel,0
fd055b,2025-04-03 02:14:05,TEST,baruel,0
8619d8,2025-04-03 02:14:09,TEST,baruel,0
b9959f,2025-04-03 02:14:11,TEST,baruel,0
d28e9d,2025-04-03 02:14:19,TEST,baruel,0
f7c730,2025-04-03 02:14:22,TEST,baruel,0
df18a0,2025-04-03 02:14:31,BACK,baruel,
f36d8b,2025-04-03 02:14:38,QUIT,,
bd1415,2025-04-04 04:23:14,OPEN,,
fd83fb,2025-04-04 04:23:16,PICK,baruel,
6dea90,2025-04-04 04:23:25,TEST,baruel,0
3b2c67,2025-04-04 04:24:01,TEST,baruel,0
51890b,2025-04-04 04:26:43,TEST,baruel,0
ff87ad,2025-04-04 04:26:46,TEST,baruel,0
869965,2025-04-04 04:26:46,TEST,baruel,0
38f594,2025-04-04 04:26:47,TEST,baruel,0
07a96f,2025-04-04 04:28:29,TEST,baruel,0
cd3020,2025-04-04 04:46:55,TEST,baruel,0
6c3c95,2025-04-04 04:47:00,TEST,baruel,0
b4be5b,2025-04-04 04:47:39,TEST,baruel,0
af246f,2025-04-04 04:47:39,TEST,baruel,0
33f520,2025-04-04 04:51:08,TEST,baruel,0
fdbaa5,2025-04-04 04:51:10,TEST,baruel,0
0d094e,2025-04-04 04:51:33,TEST,baruel,0
44c38d,2025-04-04 04:51:34,TEST,baruel,0
7d89ac,2025-04-04 04:51:53,TEST,baruel,0
48a891,2025-04-04 04:52:37,TEST,baruel,0
d9cfed,2025-04-04 04:52:50,TEST,baruel,0
ed56e1,2025-04-04 04:55:08,TEST,baruel,0
17934a,2025-04-04 04:55:27,TEST,baruel,0
7af9f4,2025-04-04 04:55:32,TEST,baruel,0
16825e,2025-04-04 04:59:04,TEST,baruel,0
9f49a4,2025-04-04 05:01:20,TEST,baruel,0
4fff00,2025-04-04 05:01:22,TEST,baruel,0
5307c3,2025-04-04 05:01:44,TEST,baruel,0
3f1a5f,2025-04-04 05:02:15,TEST,baruel,0
9d15f7,2025-04-04 05:02:26,TEST,baruel,0
5ad693,2025-04-04 05:03:29,TEST,baruel,0
51e02e,2025-04-04 05:04:34,TEST,baruel,0
23a407,2025-04-04 05:04:59,TEST,baruel,0
2a3624,2025-04-04 05:04:59,TEST,baruel,0
ec1770,2025-04-04 05:05:15,TEST,baruel,0
bcff7f,2025-04-04 05:05:24,TEST,baruel,0
9986b7,2025-04-04 05:05:46,TEST,baruel,0
e654a9,2025-04-04 05:06:06,TEST,baruel,0
da48d0,2025-04-04 05:06:14,TEST,baruel,0
acd0fa,2025-04-04 05:06:17,TEST,baruel,0
da910b,2025-04-04 05:06:31,TEST,baruel,0
617967,2025-04-04 05:06:43,TEST,baruel,0
4441f2,2025-04-04 05:07:08,TEST,baruel,0
2b4c85,2025-04-04 05:09:17,TEST,baruel,25
c4d204,2025-04-04 05:09:42,TEST,baruel,25
ecde0d,2025-04-04 05:11:17,TEST,baruel,0
39efcf,2025-04-04 05:11:28,TEST,baruel,0
2772f0,2025-04-04 05:12:14,TEST,baruel,0
afb7a5,2025-04-04 05:12:59,TEST,baruel,0
7d0b81,2025-04-04 05:13:02,TEST,baruel,0
c1c3dd,2025-04-04 05:13:10,TEST,baruel,0
77d1ba,2025-04-04 05:13:11,TEST,baruel,25
58c837,2025-04-04 05:13:43,TEST,baruel,25
1a3463,2025-04-04 05:17:08,TEST,baruel,0
e55f71,2025-04-04 05:17:10,TEST,baruel,0
fe692f,2025-04-04 05:17:11,TEST,baruel,0
818a64,2025-04-04 05:17:12,TEST,baruel,0
231de0,2025-04-04 05:17:18,TEST,baruel,0
18f1a8,2025-04-04 05:17:19,TEST,baruel,0
7833b7,2025-04-04 05:17:22,TEST,baruel,0
12da3e,2025-04-04 05:17:35,TEST,baruel,0
2f7234,2025-04-04 05:17:36,TEST,baruel,0
629320,2025-04-04 05:17:37,TEST,baruel,0
70e667,2025-04-04 05:17:38,TEST,baruel,0
7414a7,2025-04-04 05:18:53,TEST,baruel,0
a8a592,2025-04-04 05:18:54,TEST,baruel,0
131c63,2025-04-04 05:18:55,TEST,baruel,0
a933b1,2025-04-04 05:18:56,TEST,baruel,0
f67fd8,2025-04-04 05:19:10,TEST,baruel,0
6b357a,2025-04-04 05:19:12,TEST,baruel,0
484a6c,2025-04-04 05:19:13,TEST,baruel,0
bd0216,2025-04-04 05:19:22,TEST,baruel,0
f65302,2025-04-04 05:19:23,TEST,baruel,0
16fa2d,2025-04-04 05:19:24,TEST,baruel,0
8b45c8,2025-04-04 05:19:30,OPEN,,
95a843,2025-04-04 05:19:31,PICK,baruel,
0bc2b8,2025-04-04 05:19:33,TEST,baruel,0
6ca76c,2025-04-04 05:19:38,TEST,baruel,0
3ef630,2025-04-04 05:19:40,TEST,baruel,0
03774d,2025-04-04 05:19:40,TEST,baruel,0
acb207,2025-04-04 05:19:51,TEST,baruel,0
593926,2025-04-04 05:20:11,TEST,baruel,0
95ccdf,2025-04-04 05:20:41,TEST,baruel,0
8a2510,2025-04-04 05:20:48,TEST,baruel,50
55f932,2025-04-04 05:20:52,TEST,baruel,50
6de693,2025-04-04 05:21:07,TEST,baruel,25
e50a61,2025-04-04 05:21:09,TEST,baruel,50
adcaca,2025-04-04 05:24:06,TEST,baruel,0
138051,2025-04-04 05:24:06,TEST,baruel,0
769e7c,2025-04-04 05:24:08,TEST,baruel,0
181b4f,2025-04-04 05:24:08,TEST,baruel,0
0407b5,2025-04-04 05:24:09,TEST,baruel,0
a1a490,2025-04-04 05:24:10,TEST,baruel,0
6fc21c,2025-04-04 05:24:12,TEST,baruel,0
a9f0c3,2025-04-04 05:24:21,TEST,baruel,0
4d6a13,2025-04-04 05:24:23,TEST,baruel,0
bf9721,2025-04-04 05:24:25,TEST,baruel,0
d70a08,2025-04-04 05:24:27,TEST,baruel,0
1f1b3c,2025-04-04 05:24:33,TEST,baruel,0
4aaec9,2025-04-04 05:24:34,TEST,baruel,0
d19eab,2025-04-04 05:24:35,TEST,baruel,0
442821,2025-04-04 05:24:36,TEST,baruel,0
52aa2b,2025-04-04 05:24:37,TEST,baruel,0
049ffc,2025-04-04 05:24:38,TEST,baruel,0
24f109,2025-04-04 05:24:39,TEST,baruel,0
e90199,2025-04-04 05:26:04,TEST,baruel,0
80b9cc,2025-04-04 05:26:05,TEST,baruel,0
130127,2025-04-04 05:26:17,OPEN,,
5b080f,2025-04-04 05:26:32,PICK,baruel,
499efc,2025-04-04 05:26:34,TEST,baruel,50
e6fc50,2025-04-04 05:26:40,TEST,baruel,50
3d4762,2025-04-04 05:27:07,TEST,baruel,0
56d9c8,2025-04-04 05:27:33,TEST,baruel,50
bf381a,2025-04-04 05:27:34,TEST,baruel,50
c27d74,2025-04-04 05:27:35,TEST,baruel,50
f695d4,2025-04-04 05:27:54,TEST,baruel,0
34fd7d,2025-04-04 05:27:56,TEST,baruel,0
186c8d,2025-04-04 05:28:01,TEST,baruel,50
49a08e,2025-04-04 05:30:31,TEST,baruel,50
488f2a,2025-04-04 05:30:55,TEST,baruel,0
afa065,2025-04-04 05:30:56,TEST,baruel,0
7258df,2025-04-04 05:30:56,TEST,baruel,0
038a79,2025-04-04 05:31:09,TEST,baruel,50
c6b0e8,2025-04-04 05:31:25,TEST,baruel,100
4dbc9b,2025-04-04 05:31:41,BACK,baruel,
172a3b,2025-04-04 05:32:49,SELF,baruel,"{c:90,a:2,s:5}"
89f4f5,2025-04-04 05:32:58,QUIT,,
f8860e,2025-04-04 12:04:33,OPEN,,
aaa557,2025-04-04 12:04:36,DOWN,gomos,
779d8d,2025-04-04 12:04:37,PICK,gomos,
96e79d,2025-04-04 12:19:47,FREE,gomos,
6721fe,2025-04-04 12:21:34,FREE,gomos,
b833be,2025-04-04 12:39:04,TEST,gomos,0
326ba5,2025-04-04 12:40:15,TEST,gomos,0
e1c4b6,2025-04-04 12:40:17,TEST,gomos,0
99154a,2025-04-04 12:40:22,TEST,gomos,0
9a0d75,2025-04-04 12:40:27,TEST,gomos,0
a76459,2025-04-04 12:40:27,TEST,gomos,0
344789,2025-04-04 12:40:30,TEST,gomos,0
39c0c5,2025-04-04 12:40:31,TEST,gomos,0
36b5e4,2025-04-04 12:41:11,TEST,gomos,0
51c12d,2025-04-04 12:41:12,TEST,gomos,0
bfb737,2025-04-04 12:42:27,TEST,gomos,0
679860,2025-04-04 12:42:28,TEST,gomos,0
b648ea,2025-04-04 12:42:28,TEST,gomos,0
1ae89b,2025-04-04 12:42:29,TEST,gomos,0
4abf36,2025-04-04 12:42:30,TEST,gomos,0
8e1fb5,2025-04-04 12:42:48,TEST,gomos,0
fd01e5,2025-04-04 12:42:49,TEST,gomos,0
6a9727,2025-04-04 12:42:51,TEST,gomos,0
a054b0,2025-04-04 12:43:08,TEST,gomos,0
e71b96,2025-04-04 12:43:09,TEST,gomos,0
188d42,2025-04-04 12:43:11,TEST,gomos,0
f3f8c1,2025-04-04 12:43:14,TEST,gomos,0
b65bae,2025-04-04 12:43:18,TEST,gomos,0
be7698,2025-04-04 12:43:19,TEST,gomos,0
6b0220,2025-04-04 12:43:24,TEST,gomos,0
b32cc3,2025-04-04 12:44:23,TEST,gomos,0
ea1865,2025-04-04 12:44:24,TEST,gomos,0
b16695,2025-04-04 12:44:26,TEST,gomos,0
e99d91,2025-04-04 12:44:27,TEST,gomos,0
c06da7,2025-04-04 12:46:33,TEST,gomos,66
28ba9d,2025-04-04 12:46:36,TEST,gomos,66
1f5e72,2025-04-04 12:48:21,TEST,gomos,66
997f0b,2025-04-04 12:48:22,TEST,gomos,66
e0371e,2025-04-04 12:48:23,TEST,gomos,66
b3acc8,2025-04-04 12:48:24,TEST,gomos,66
7dba9f,2025-04-04 12:48:35,TEST,gomos,0
d52bdd,2025-04-04 12:48:44,TEST,gomos,50
7ea596,2025-04-04 12:48:45,TEST,gomos,66
02b7a4,2025-04-04 12:48:46,TEST,gomos,66
6dd30c,2025-04-04 12:48:48,TEST,gomos,66
b2009c,2025-04-04 12:49:52,TEST,gomos,66
4e6655,2025-04-04 12:49:53,TEST,gomos,66
83ab17,2025-04-04 12:49:54,TEST,gomos,66
19cbbf,2025-04-04 12:49:55,TEST,gomos,66
3e7c75,2025-04-04 12:50:27,TEST,gomos,66
7bc4a6,2025-04-04 12:50:28,TEST,gomos,66
320b7f,2025-04-04 12:50:29,TEST,gomos,66
ae8379,2025-04-04 12:50:30,TEST,gomos,66
e206b7,2025-04-04 12:51:00,TEST,gomos,100
b73574,2025-04-04 12:51:08,BACK,gomos,
383ad8,2025-04-04 12:51:16,SELF,gomos,"{c:100,a:0,s:0}"
82de9c,2025-04-04 12:51:29,SELF,gomos,"{c:100,a:4,s:5}"
3faa2f,2025-04-04 12:51:31,PICK,baruel,
5979a2,2025-04-04 12:51:33,BACK,baruel,
58bf6a,2025-04-04 12:51:41,SELF,baruel,"{c:100,a:2,s:5}"
acb0db,2025-04-04 13:00:04,QUIT,,
f81e74,2025-04-07 16:45:51,OPEN,,
9c4c75,2025-04-07 16:46:32,PICK,gomos,
b1f06e,2025-04-07 16:52:31,BACK,gomos,
07ff26,2025-04-07 16:53:16,SELF,baruel,"{c:100,a:4,s:5}"
07cb6e,2025-04-07 17:43:05,OPEN,,
3b7047,2025-04-07 17:43:49,PICK,pedra,
99a1fc,2025-04-07 17:43:52,BACK,pedra,
782641,2025-04-07 17:44:48,QUIT,,
e2b6a3,2025-04-07 17:44:57,OPEN,,
7b3a19,2025-04-07 17:45:03,PICK,casais,
3ef9db,2025-04-08 17:28:40,OPEN,,
848a40,2025-04-08 17:29:09,DOWN,apagando,
b8ac0d,2025-04-08 17:29:10,PICK,apagando,
b5cf04,2025-04-08 23:29:13,OPEN,,
46ac66,2025-04-08 23:29:25,PICK,baruel,
81a979,2025-04-08 23:31:34,TEST,baruel,0
f76659,2025-04-08 23:33:38,TEST,baruel,0
c7ebe8,2025-04-08 23:37:06,TEST,baruel,0
cf9789,2025-04-08 23:42:51,TEST,baruel,0
530061,2025-04-08 23:44:06,TEST,baruel,0
54951e,2025-04-08 23:44:07,TEST,baruel,0
3206df,2025-04-08 23:45:42,TEST,baruel,0
57d602,2025-04-08 23:45:44,TEST,baruel,0
c8bf47,2025-04-08 23:45:55,OPEN,,
d3b393,2025-04-08 23:45:57,PICK,baruel,
977a1f,2025-04-08 23:45:59,TEST,baruel,0
a8c504,2025-04-08 23:46:01,TEST,baruel,0
1aa059,2025-04-08 23:46:02,TEST,baruel,0
5b0ed0,2025-04-08 23:46:22,TEST,baruel,0
26c42f,2025-04-08 23:46:26,TEST,baruel,0
16c917,2025-04-08 23:46:26,TEST,baruel,0
115ee1,2025-04-08 23:46:27,TEST,baruel,0
ee5420,2025-04-08 23:46:28,TEST,baruel,0
2c1e17,2025-04-08 23:49:00,TEST,baruel,0
c6a285,2025-04-08 23:49:00,TEST,baruel,0
fd74e5,2025-04-08 23:49:01,TEST,baruel,0
d94cea,2025-04-08 23:49:01,TEST,baruel,0
5bf1bc,2025-04-08 23:49:01,TEST,baruel,0
6bbab8,2025-04-08 23:49:02,TEST,baruel,0
7b646a,2025-04-08 23:49:02,TEST,baruel,0
da27b4,2025-04-08 23:49:25,TEST,baruel,0
e1284b,2025-04-08 23:52:49,TEST,baruel,0
39b7df,2025-04-08 23:53:03,TEST,baruel,0
2802fd,2025-04-08 23:57:33,TEST,baruel,0
aa7c95,2025-04-09 00:00:26,TEST,baruel,0
800b86,2025-04-09 00:00:32,TEST,baruel,0
6020fe,2025-04-09 00:09:52,TEST,baruel,0
6fc001,2025-04-09 00:33:12,TEST,baruel,0
7a3e19,2025-04-09 00:34:06,TEST,baruel,0
8e504e,2025-04-09 00:34:29,TEST,baruel,0
bcfcb5,2025-04-09 00:37:53,BACK,baruel,
1e3712,2025-04-09 00:40:28,SELF,baruel,"{c:100,a:5,s:5}"
cae873,2025-04-09 00:41:46,PICK,baruel,
be0535,2025-04-09 00:41:48,TEST,baruel,0
2c02d2,2025-04-09 00:41:53,TEST,baruel,0
144e70,2025-04-09 00:41:55,TEST,baruel,0
6d4a0b,2025-04-09 00:52:04,TEST,baruel,0
8a9365,2025-04-09 00:52:05,TEST,baruel,0
18d1bf,2025-04-09 00:52:55,TEST,baruel,0
5259ce,2025-04-09 00:53:39,TEST,baruel,50
33aa71,2025-04-09 00:54:38,TEST,baruel,100
493bbf,2025-04-09 00:55:40,BACK,baruel,
f6d50c,2025-04-09 00:55:53,DOWN,baruel,
12b9e3,2025-04-09 00:55:56,PICK,baruel,
0562eb,2025-04-09 00:55:58,TEST,baruel,100
364424,2025-04-09 00:56:15,TEST,baruel,100
476230,2025-04-09 00:56:16,BACK,baruel,
540d1b,2025-04-09 00:56:44,DOWN,baruel,
3f1091,2025-04-09 00:56:57,PICK,baruel,
0d9d34,2025-04-09 00:56:58,BACK,baruel,
bfbb71,2025-04-09 00:57:01,DOWN,baruel,
bbe6f6,2025-04-09 00:58:10,QUIT,,
6a6d92,2025-04-09 00:58:35,OPEN,,
a135ec,2025-04-09 00:58:44,DOWN,baruel,
07bc2f,2025-04-09 00:58:46,PICK,baruel,
e20c7a,2025-04-09 00:58:48,TEST,baruel,100
3e5409,2025-04-09 00:59:12,BACK,baruel,
4a3ff1,2025-04-09 01:10:28,PICK,baruel,
a990e2,2025-04-09 01:10:29,TEST,baruel,0
3f73ba,2025-04-09 01:10:33,TEST,baruel,0
2d7d82,2025-04-09 01:10:47,TEST,baruel,100
31270b,2025-04-09 01:11:23,TEST,baruel,100
60ba6d,2025-04-09 01:11:26,BACK,baruel,
efe7ac,2025-04-09 01:11:32,QUIT,,
d5bcfa,2025-04-09 01:28:47,OPEN,,
9455c2,2025-04-09 01:32:45,PICK,fuga,
a5f8d1,2025-04-09 01:34:25,BACK,fuga,
93a44c,2025-04-09 01:37:44,PICK,casais,
692cab,2025-04-09 01:37:46,TEST,casais,100
b46b22,2025-04-09 01:37:50,BACK,casais,
b199ac,2025-04-09 02:10:29,PICK,casais,
15eb88,2025-04-09 02:10:31,TEST,casais,100
05d6f4,2025-04-11 17:05:51,OPEN,,
fbcb3c,2025-04-11 17:08:03,PICK,princesa,
2af71f,2025-04-11 17:08:13,TEST,princesa,0
90f46f,2025-04-11 17:14:00,TEST,princesa,0
3f2376,2025-04-11 17:14:13,TEST,princesa,0
e3f478,2025-04-11 17:17:04,TEST,princesa,0
11cc96,2025-04-11 17:18:23,TEST,princesa,0
e71f8b,2025-04-11 17:19:41,TEST,princesa,0
2e5e14,2025-04-11 17:19:44,TEST,princesa,0
d732dc,2025-04-11 17:19:46,TEST,princesa,0
20e367,2025-04-11 17:19:46,TEST,princesa,0
4e2cab,2025-04-11 17:19:47,TEST,princesa,0
3f7150,2025-04-11 17:19:48,TEST,princesa,0
b9590e,2025-04-11 17:19:54,TEST,princesa,0
3a714a,2025-04-11 17:19:55,TEST,princesa,0
c8ff34,2025-04-11 17:20:07,TEST,princesa,0
924f0f,2025-04-11 17:20:07,TEST,princesa,0
88fcd9,2025-04-11 17:20:08,TEST,princesa,0
159bfc,2025-04-11 17:20:08,TEST,princesa,0
9baaca,2025-04-11 17:20:09,TEST,princesa,0
289830,2025-04-11 17:20:09,TEST,princesa,0
675e67,2025-04-11 17:20:14,TEST,princesa,0
770d77,2025-04-11 17:24:45,TEST,princesa,0
38d2d1,2025-04-11 17:24:47,TEST,princesa,0
30d817,2025-04-11 17:24:52,TEST,princesa,0
88fe40,2025-04-11 17:24:54,TEST,princesa,0
b3ed9f,2025-04-11 17:32:05,TEST,princesa,0
8e4083,2025-04-11 17:32:06,TEST,princesa,0
44e33d,2025-04-11 17:32:27,TEST,princesa,0
eb8332,2025-04-11 17:32:47,TEST,princesa,0
647123,2025-04-11 17:33:18,TEST,princesa,0
b11deb,2025-04-11 17:33:19,TEST,princesa,0
be333e,2025-04-11 17:33:32,TEST,princesa,0
0382ea,2025-04-11 17:37:51,TEST,princesa,0
1119cf,2025-04-11 17:37:52,TEST,princesa,0
6aebc6,2025-04-11 17:37:59,TEST,princesa,0
dd97ca,2025-04-11 17:38:00,TEST,princesa,0
27f802,2025-04-11 17:38:15,TEST,princesa,0
b4a901,2025-04-11 17:38:16,TEST,princesa,0
8f6030,2025-04-11 17:38:17,TEST,princesa,0
bea00d,2025-04-11 17:39:47,TEST,princesa,0
41dcae,2025-04-11 17:39:47,TEST,princesa,0
f29926,2025-04-11 17:42:17,TEST,princesa,0
8d2cb5,2025-04-11 17:42:18,TEST,princesa,0
cc41d8,2025-04-11 17:43:22,TEST,princesa,0
379b03,2025-04-11 17:43:23,TEST,princesa,0
be0f90,2025-04-11 17:44:14,TEST,princesa,0
74875c,2025-04-11 17:44:20,TEST,princesa,0
d49159,2025-04-11 17:44:55,TEST,princesa,0
f2d143,2025-04-11 17:45:19,TEST,princesa,0
9703ea,2025-04-11 17:45:22,TEST,princesa,0
b079d6,2025-04-11 17:45:54,TEST,princesa,0
16bcc1,2025-04-11 17:50:08,TEST,princesa,0
a0af42,2025-04-11 17:50:11,TEST,princesa,0
b0ee5b,2025-04-11 17:50:47,TEST,princesa,0
c94f52,2025-04-11 17:59:14,TEST,princesa,0
795331,2025-04-11 17:59:53,TEST,princesa,0
c1d2ce,2025-04-11 18:00:07,TEST,princesa,0
3b9bc1,2025-04-11 18:00:17,TEST,princesa,0
d5e483,2025-04-11 18:00:23,TEST,princesa,0
c486c2,2025-04-11 18:02:12,TEST,princesa,0
e0b8d2,2025-04-11 18:02:19,TEST,princesa,0
41dc53,2025-04-11 18:02:34,TEST,princesa,0
cacd58,2025-04-11 18:02:59,TEST,princesa,16
e0e533,2025-04-11 18:06:30,TEST,princesa,0
74b47a,2025-04-11 18:07:16,TEST,princesa,0
eb42b3,2025-04-11 18:09:51,TEST,princesa,16
178883,2025-04-11 18:10:33,TEST,princesa,0
ea2fd5,2025-04-11 18:13:16,TEST,princesa,0
b5a4a8,2025-04-11 18:14:17,TEST,princesa,0
c840ea,2025-04-11 18:14:20,TEST,princesa,0
e449fa,2025-04-11 18:14:33,TEST,princesa,0
8a590b,2025-04-11 18:15:48,TEST,princesa,0
eecf2b,2025-04-11 18:15:51,TEST,princesa,0
8749a5,2025-04-11 18:16:00,TEST,princesa,0
a8c15a,2025-04-11 18:16:17,TEST,princesa,0
24c002,2025-04-11 18:16:25,TEST,princesa,33
be0e39,2025-04-11 18:16:26,TEST,princesa,66
0933d1,2025-04-11 18:17:11,TEST,princesa,0
5429a8,2025-04-11 18:17:13,TEST,princesa,0
343326,2025-04-11 18:17:15,TEST,princesa,0
81d94c,2025-04-11 18:17:17,TEST,princesa,0
fa2784,2025-04-11 18:17:22,TEST,princesa,0
32bef6,2025-04-11 18:17:38,TEST,princesa,100
a5f2a1,2025-04-11 18:18:14,TEST,princesa,66
0b0064,2025-04-11 18:19:01,TEST,princesa,100
3c030b,2025-04-11 18:20:37,BACK,princesa,
0c031c,2025-04-11 18:21:24,SELF,princesa,"{c:100,a:5,s:5}"
38f772,2025-04-11 19:06:00,PICK,apagando,
3fb5ca,2025-04-11 19:06:05,BACK,apagando,
8b1ae6,2025-04-11 19:06:15,QUIT,,
805527,2025-04-11 19:21:38,OPEN,,
a2825b,2025-04-11 19:21:58,PICK,apagando,
f297a2,2025-04-11 20:12:05,TEST,apagando,0
1486b5,2025-04-11 20:12:14,TEST,apagando,0
b4eb31,2025-04-11 20:12:17,TEST,apagando,0
d47c05,2025-04-11 20:15:59,TEST,apagando,0
cffd4b,2025-04-11 20:16:00,TEST,apagando,0
be5a11,2025-04-11 20:16:36,TEST,apagando,0
05f9a5,2025-04-11 20:19:13,TEST,apagando,0
6a2fb0,2025-04-11 20:19:14,TEST,apagando,0
445a6b,2025-04-11 20:19:25,TEST,apagando,0
613113,2025-04-11 20:19:49,TEST,apagando,0
9814f0,2025-04-11 20:20:31,TEST,apagando,0
c85f73,2025-04-11 20:20:43,OPEN,,
2d43fd,2025-04-11 20:20:45,PICK,apagando,
77817e,2025-04-11 20:20:48,TEST,apagando,0
ee4419,2025-04-11 20:21:16,TEST,apagando,0
b0c6a6,2025-04-11 20:23:05,TEST,apagando,0
06c8e1,2025-04-11 20:23:07,TEST,apagando,0
240d8a,2025-04-11 20:23:11,TEST,apagando,0
5b6782,2025-04-11 20:23:13,TEST,apagando,0
2a7e6d,2025-04-11 20:24:08,TEST,apagando,0
d62f13,2025-04-11 20:29:46,TEST,apagando,0
aff24c,2025-04-11 20:29:47,TEST,apagando,0
3e280a,2025-04-11 20:29:53,TEST,apagando,0
48e7a5,2025-04-11 20:29:55,TEST,apagando,0
0f685f,2025-04-11 20:30:03,TEST,apagando,0
8431ea,2025-04-11 20:30:42,TEST,apagando,0
7a73a8,2025-04-11 20:30:44,TEST,apagando,0
311f35,2025-04-11 20:30:45,TEST,apagando,0
b4fed6,2025-04-11 20:30:52,TEST,apagando,0
ce8e5c,2025-04-11 20:33:14,TEST,apagando,0
064d8c,2025-04-11 20:33:15,TEST,apagando,0
3eb58b,2025-04-11 20:33:56,TEST,apagando,0
8fcf71,2025-04-11 20:33:59,TEST,apagando,0
ad89cc,2025-04-11 20:34:58,TEST,apagando,0
658c12,2025-04-11 20:34:59,TEST,apagando,0
fca108,2025-04-11 20:35:00,TEST,apagando,0
5cf21d,2025-04-11 20:35:42,TEST,apagando,0
0ef3e1,2025-04-11 20:35:44,TEST,apagando,0
e5fa4d,2025-04-11 20:35:48,TEST,apagando,0
b98849,2025-04-11 20:35:48,TEST,apagando,0
521b30,2025-04-11 20:37:27,TEST,apagando,0
358f4d,2025-04-11 20:37:27,TEST,apagando,0
8b6a01,2025-04-11 20:37:28,TEST,apagando,0
be12af,2025-04-11 20:37:50,TEST,apagando,0
9f9c25,2025-04-11 20:37:51,TEST,apagando,0
286a3f,2025-04-11 20:38:10,TEST,apagando,0
b0d271,2025-04-11 20:38:12,TEST,apagando,0
b3b65b,2025-04-11 20:38:14,TEST,apagando,0
365f3c,2025-04-11 20:38:24,TEST,apagando,0
3ae6b3,2025-04-11 20:38:25,TEST,apagando,0
9c3092,2025-04-11 20:38:26,TEST,apagando,0
38a276,2025-04-11 20:38:29,TEST,apagando,0
d6c92d,2025-04-11 20:38:35,TEST,apagando,0
0a6d0b,2025-04-11 20:38:36,TEST,apagando,0
d189d6,2025-04-11 20:38:36,TEST,apagando,0
3517dc,2025-04-11 20:38:37,TEST,apagando,0
d243e6,2025-04-11 20:38:37,TEST,apagando,0
687df6,2025-04-11 20:38:40,TEST,apagando,0
ad1396,2025-04-11 20:38:41,TEST,apagando,0
33986c,2025-04-11 20:38:41,TEST,apagando,0
41aa2d,2025-04-11 20:38:42,TEST,apagando,0
f95fbf,2025-04-11 20:38:59,TEST,apagando,0
f559b6,2025-04-11 20:39:00,TEST,apagando,0
206934,2025-04-11 20:39:01,TEST,apagando,0
efc1b6,2025-04-11 20:39:02,TEST,apagando,0
56e454,2025-04-11 20:39:02,TEST,apagando,0
317713,2025-04-11 20:39:03,TEST,apagando,0
3c3429,2025-04-11 20:39:03,TEST,apagando,0
f2f9d2,2025-04-11 20:39:04,TEST,apagando,0
df9500,2025-04-11 20:40:20,BACK,apagando,
3b9798,2025-04-11 20:40:50,QUIT,,
1659f4,2025-04-11 23:26:19,OPEN,,
78b1a5,2025-04-11 23:27:53,OPEN,,
bb71be,2025-04-11 23:30:26,QUIT,,
1d024a,2025-04-12 14:16:24,OPEN,,
dd22a4,2025-04-12 14:16:39,SELF,apagando,"{c:0,a:0,s:0}"
9443eb,2025-04-12 14:16:47,PICK,apagando,
f93c0e,2025-04-12 14:16:57,TEST,apagando,0
8e553a,2025-04-12 14:16:57,BACK,apagando,
a6d9c0,2025-04-12 14:17:02,QUIT,,
eee156,2025-04-12 14:18:05,OPEN,,
305c99,2025-04-12 14:29:02,QUIT,,
2cf798,2025-04-12 14:32:14,OPEN,,
e1221b,2025-04-13 08:32:56,OPEN,,
ce8181,2025-04-13 08:33:50,PICK,apagando,
877489,2025-04-13 08:34:13,TEST,apagando,0
201418,2025-04-13 08:34:42,TEST,apagando,0
70f577,2025-04-13 09:08:11,TEST,apagando,0
546c6a,2025-04-13 09:09:17,TEST,apagando,100
d72daf,2025-04-13 09:09:25,BACK,apagando,
890a20,2025-04-13 09:10:16,SELF,apagando,"{c:100,a:0,s:0}"
4ebaa1,2025-04-13 09:12:26,SELF,apagando,"{c:100,a:0,s:0}"
b02cf0,2025-04-13 09:12:37,DOWN,manipulacao,
4ddd78,2025-04-13 09:12:40,PICK,manipulacao,
1c4442,2025-04-13 09:12:42,BACK,manipulacao,
697f7c,2025-04-13 09:12:45,QUIT,,
c7cd8f,2025-04-13 09:17:33,OPEN,,
04e572,2025-04-13 09:17:53,PICK,manipulacao,
db26b3,2025-04-13 09:57:14,BACK,manipulacao,
288a20,2025-04-13 09:57:17,QUIT,,
a081a5,2025-04-13 09:57:47,OPEN,,
7e0587,2025-04-13 09:57:49,PICK,manipulacao,
f476bc,2025-04-13 10:02:29,BACK,manipulacao,
807e44,2025-04-13 10:02:31,QUIT,,
5e7981,2025-04-13 10:02:55,OPEN,,
8cfc2c,2025-04-13 10:03:04,PICK,manipulacao,
7a741e,2025-04-13 10:03:07,BACK,manipulacao,
dff275,2025-04-13 10:03:12,PICK,apagando,
55b7b8,2025-04-13 10:03:12,BACK,apagando,
096a0a,2025-04-13 10:03:41,SELF,apagando,"{c:100,a:5,s:5}"
29c4c4,2025-04-13 10:03:58,PICK,manipulacao,
674e25,2025-04-13 13:19:02,BACK,manipulacao,
8aa4ee,2025-04-13 13:19:09,PICK,manipulacao,
405ffc,2025-04-13 13:19:16,BACK,manipulacao,
9b2bff,2025-04-13 13:19:17,PICK,manipulacao,
4b0a09,2025-04-13 13:40:14,TEST,manipulacao,100
61fa9a,2025-04-13 13:45:04,BACK,manipulacao,
b7ecb8,2025-04-13 13:45:33,SELF,manipulacao,"{c:100,a:6,s:5}"
7e8c19,2025-04-13 13:46:01,DOWN,especiais,
9c6ea9,2025-04-13 13:46:08,QUIT,,
b58c12,2025-04-13 13:49:49,OPEN,,
a253d2,2025-04-13 13:50:58,PICK,especiais,
d2f12c,2025-04-13 14:03:11,BACK,especiais,
7cd96a,2025-04-13 14:03:15,QUIT,,
d8c9be,2025-04-13 15:52:46,OPEN,,
e3a722,2025-04-13 15:53:01,PICK,especiais,
886ab5,2025-04-13 19:40:24,BACK,especiais,
eef5fc,2025-04-13 19:40:29,PICK,especiais,
177a92,2025-04-13 21:45:58,TEST,especiais,100
b60070,2025-04-13 21:46:09,BACK,especiais,
a43cbf,2025-04-13 21:46:36,SELF,especiais,"{c:100,a:4,s:4}"
e18d41,2025-04-13 21:47:00,SELF,especiais,"{c:100,a:2,s:4}"
3ed4a0,2025-04-13 22:08:47,QUIT,,
b0ea08,2025-04-14 13:39:20,OPEN,,
9aae7f,2025-04-14 13:40:16,DOWN,alternando,
33fc87,2025-04-14 13:40:29,QUIT,,
91bfd5,2025-04-14 13:41:10,OPEN,,
854dcc,2025-04-14 13:41:13,PICK,alternando,
f929d6,2025-04-14 13:41:30,TEST,alternando,30
eaf4cb,2025-04-14 14:13:26,TEST,alternando,30
37e2eb,2025-04-14 14:20:10,TEST,alternando,30
c49107,2025-04-14 14:35:58,BACK,alternando,
04669c,2025-04-14 14:36:05,PICK,especiais,
0dc8d0,2025-04-14 20:16:48,BACK,especiais,
dbee81,2025-04-14 20:16:57,PICK,alternando,
7c6361,2025-04-14 23:08:01,OPEN,,
cdcaf5,2025-04-14 23:09:17,PICK,alternando,
9923fd,2025-04-14 23:42:26,TEST,alternando,69
7c5267,2025-04-14 23:46:10,TEST,alternando,69
0f4c7e,2025-04-14 23:50:55,TEST,alternando,100
5a854a,2025-04-14 23:51:07,BACK,alternando,
f5bc6f,2025-04-14 23:51:34,SELF,alternando,"{c:100,a:2,s:3}"
42de03,2025-04-14 23:51:42,QUIT,,
7f0cbd,2025-04-15 19:14:27,OPEN,,
2ec4a0,2025-04-15 19:14:59,SELF,alternando,"{c:100,a:2,s:3}"
c553c9,2025-04-15 19:15:47,DOWN,triangulo,
61b8e0,2025-04-15 19:15:59,PICK,triangulo,
bc3e78,2025-04-15 19:21:03,TEST,triangulo,0
b84232,2025-04-15 19:21:44,TEST,triangulo,100
24088d,2025-04-15 19:23:18,BACK,triangulo,
f1f505,2025-04-15 19:23:20,QUIT,,
78b621,2025-04-15 19:24:35,OPEN,,
ba2c09,2025-04-15 19:25:03,SELF,triangulo,"{c:100,a:5,s:5}"
237356,2025-04-15 19:25:05,QUIT,,
0e4193,2025-04-15 19:29:03,OPEN,,
ecf49e,2025-04-15 19:29:52,DOWN,treinando,
2df004,2025-04-15 19:36:54,PICK,treinando,
d85e81,2025-04-15 19:48:42,TEST,treinando,33
a87cae,2025-04-15 20:34:40,BACK,treinando,
eaf45b,2025-04-15 20:34:43,QUIT,,
45e865,2025-04-15 20:35:13,OPEN,,
9a0100,2025-04-15 20:35:16,PICK,treinando,
1fed59,2025-04-15 20:35:19,BACK,treinando,
bdd584,2025-04-15 20:35:29,PICK,treinando,
3afa01,2025-04-15 20:36:53,BACK,treinando,
dee651,2025-04-15 20:37:11,DOWN,treinando,
63593e,2025-04-15 20:37:13,PICK,treinando,
e96f36,2025-04-15 20:37:22,TEST,treinando,0
414318,2025-04-15 20:37:35,TEST,treinando,0
9f5a08,2025-04-15 20:38:08,TEST,treinando,33
3e1986,2025-04-17 09:35:36,OPEN,,
cf4183,2025-04-17 09:38:00,PICK,treinando,
d7fec5,2025-04-17 09:38:10,TEST,treinando,33
cbd2c3,2025-04-17 09:40:23,TEST,treinando,33
a420ec,2025-04-17 09:43:14,TEST,treinando,33
0862f2,2025-04-17 09:43:47,TEST,treinando,0
8ca70a,2025-04-17 09:43:55,TEST,treinando,33
7ca41b,2025-04-17 09:52:50,TEST,treinando,33
d27f6d,2025-04-17 09:56:14,TEST,treinando,33
767b8b,2025-04-17 09:56:38,TEST,treinando,33
33d58f,2025-04-17 09:57:02,TEST,treinando,33
c1de72,2025-04-17 10:03:31,TEST,treinando,33
01610a,2025-04-17 10:07:51,TEST,treinando,33
a40e44,2025-04-17 10:08:56,TEST,treinando,33
cb4f86,2025-04-17 10:10:55,TEST,treinando,33
3725b9,2025-04-17 10:14:10,TEST,treinando,33
6f3821,2025-04-17 10:14:31,TEST,treinando,33
2677b1,2025-04-17 10:14:55,TEST,treinando,50
51a80f,2025-04-17 10:15:33,TEST,treinando,33
a8be79,2025-04-17 10:17:00,TEST,treinando,33
59ce48,2025-04-17 10:18:21,TEST,treinando,50
8084c1,2025-04-17 10:32:30,TEST,treinando,50
0cae07,2025-04-17 10:33:13,TEST,treinando,50
20eef5,2025-04-17 10:33:36,TEST,treinando,50
33076c,2025-04-17 10:34:02,TEST,treinando,50
7397f9,2025-04-17 10:34:17,TEST,treinando,50
91ed0e,2025-04-17 10:36:28,TEST,treinando,66
bbd3d3,2025-04-17 10:37:31,TEST,treinando,0
9bc5aa,2025-04-17 10:37:39,TEST,treinando,66
0992af,2025-04-17 10:38:05,TEST,treinando,66
805c73,2025-04-17 10:38:32,TEST,treinando,66
4fef08,2025-04-17 10:38:41,TEST,treinando,66
7112a0,2025-04-17 10:39:19,TEST,treinando,66
20757e,2025-04-17 10:39:39,TEST,treinando,66
bafd08,2025-04-17 10:40:44,TEST,treinando,83
b99bf7,2025-04-17 10:41:59,OPEN,,
8a815e,2025-04-17 10:42:07,PICK,treinando,
c47c3d,2025-04-17 10:42:47,TEST,treinando,83
2d471b,2025-04-17 11:30:25,TEST,treinando,100
77b3f6,2025-04-17 11:30:31,BACK,treinando,
79cbde,2025-04-17 11:31:56,SELF,treinando,"{c:100,a:2,s:4}"
e15f9c,2025-04-17 11:32:08,QUIT,,
c495fc,2025-04-17 11:33:11,OPEN,,
85d7d6,2025-04-17 11:33:15,DOWN,queimada,
0b0a72,2025-04-17 11:33:16,PICK,queimada,
ab6288,2025-04-17 11:40:25,TEST,queimada,0
3a282d,2025-04-17 11:41:46,TEST,queimada,0
96fc95,2025-04-17 11:44:07,TEST,queimada,100
1e52c5,2025-04-17 11:44:42,BACK,queimada,
95fa9e,2025-04-17 11:45:15,SELF,queimada,"{c:100,a:4,s:5}"
3c8c88,2025-04-17 11:45:18,QUIT,,
0a4b14,2025-04-17 11:46:21,OPEN,,
6ddcb0,2025-04-17 12:24:48,QUIT,,
110929,2025-04-17 12:34:40,OPEN,,
f47814,2025-04-17 12:36:01,DOWN,labirinto,
bddbed,2025-04-17 12:36:02,PICK,labirinto,
c7e2cc,2025-04-17 17:53:24,OPEN,,
ec4740,2025-04-17 17:54:17,PICK,labirinto,
9ff221,2025-04-17 17:54:21,TEST,labirinto,0
5479ef,2025-04-17 17:54:35,TEST,labirinto,0
058045,2025-04-17 17:56:57,TEST,labirinto,0
65a70e,2025-04-17 18:12:52,TEST,labirinto,0
f869b0,2025-04-17 18:13:10,TEST,labirinto,0
c4283c,2025-04-17 18:13:12,TEST,labirinto,0
a72df1,2025-04-17 18:13:21,TEST,labirinto,0
078a52,2025-04-17 18:13:34,TEST,labirinto,0
f2df79,2025-04-17 18:13:45,TEST,labirinto,0
6f81a1,2025-04-17 18:13:57,TEST,labirinto,0
54a702,2025-04-17 18:17:30,TEST,labirinto,0
db83a4,2025-04-17 18:17:56,TEST,labirinto,0
97703d,2025-04-17 18:18:16,TEST,labirinto,0
d71b52,2025-04-17 18:19:03,TEST,labirinto,0
e25a5d,2025-04-17 18:21:45,TEST,labirinto,0
880238,2025-04-17 18:22:04,TEST,labirinto,0
3c3731,2025-04-17 18:22:32,TEST,labirinto,0
8d8b1c,2025-04-17 18:23:12,TEST,labirinto,0
5166c4,2025-04-17 18:23:28,TEST,labirinto,0
c97fac,2025-04-17 18:27:18,TEST,labirinto,0
20dc13,2025-04-17 18:27:54,TEST,labirinto,0
fa5cfb,2025-04-17 18:29:53,TEST,labirinto,0
69ad08,2025-04-17 19:18:53,BACK,labirinto,
a91d74,2025-04-17 19:18:55,QUIT,,
0524cc,2025-04-17 19:19:43,OPEN,,
048844,2025-04-17 19:19:45,PICK,labirinto,
fa270a,2025-04-17 19:19:54,TEST,labirinto,0
b21d3b,2025-04-18 13:20:08,OPEN,,
0a47b3,2025-04-18 13:20:50,PICK,labirinto,
7c66be,2025-04-18 13:21:00,TEST,labirinto,0
eb1cd5,2025-04-18 13:23:56,TEST,labirinto,0
0952a5,2025-04-18 13:24:22,TEST,labirinto,0
7e969a,2025-04-18 13:25:39,TEST,labirinto,0
382509,2025-04-18 13:27:04,TEST,labirinto,0
aa9408,2025-04-18 13:28:33,TEST,labirinto,0
c5a32f,2025-04-18 13:29:12,TEST,labirinto,0
8b826d,2025-04-18 13:29:30,TEST,labirinto,0
1c4d17,2025-04-18 13:36:03,TEST,labirinto,0
16e71f,2025-04-18 13:36:33,TEST,labirinto,0
2efbd2,2025-04-18 13:37:19,TEST,labirinto,0
fcf16e,2025-04-18 13:37:43,TEST,labirinto,0
efc173,2025-04-18 13:38:03,TEST,labirinto,0
cce949,2025-04-18 13:40:15,TEST,labirinto,0
c55d77,2025-04-18 13:40:26,TEST,labirinto,0
0e21b3,2025-04-18 13:41:12,TEST,labirinto,0
51c763,2025-04-18 13:43:31,TEST,labirinto,0
359e01,2025-04-18 13:57:39,BACK,labirinto,
5320c0,2025-04-18 13:57:42,QUIT,,
460196,2025-04-18 13:57:56,OPEN,,
08140c,2025-04-18 13:58:01,QUIT,,
8b9f68,2025-04-18 13:58:21,OPEN,,
b21743,2025-04-18 13:58:24,DOWN,labirinto,
270304,2025-04-18 13:58:30,PICK,labirinto,
493f37,2025-04-19 13:37:21,OPEN,,
b88e9f,2025-04-19 13:37:25,PICK,labirinto,
b79ad4,2025-04-19 15:01:37,TEST,labirinto,0
7eaa85,2025-04-19 15:02:52,BACK,labirinto,
65386f,2025-04-19 15:02:56,DOWN,labirinto,
553c1d,2025-04-19 15:02:57,PICK,labirinto,
f646da,2025-04-19 15:04:02,TEST,labirinto,0
b30058,2025-04-19 15:10:18,TEST,labirinto,0
dbbf96,2025-04-21 11:35:23,OPEN,,
9fd818,2025-04-21 11:35:26,PICK,labirinto,
46cce7,2025-04-21 11:35:32,TEST,labirinto,0
bc9b7e,2025-04-21 11:46:05,BACK,labirinto,
2120ef,2025-04-21 11:46:14,PICK,triangulo,
db9dd8,2025-04-21 11:46:20,TEST,triangulo,100
f9ece0,2025-04-21 11:46:22,BACK,triangulo,
5c0176,2025-04-21 11:46:41,DOWN,resto,
707cab,2025-04-21 11:46:49,QUIT,,
8022df,2025-04-21 11:46:52,OPEN,,
5d7ced,2025-04-21 11:46:57,PICK,resto,
4455df,2025-04-21 11:47:02,BACK,resto,
5fde08,2025-04-21 11:47:05,PICK,resto,
21101e,2025-04-21 12:00:12,TEST,resto,0
3debef,2025-04-21 12:00:38,TEST,resto,100
22bcb5,2025-04-21 12:00:45,BACK,resto,
837c56,2025-04-21 12:00:59,SELF,resto,"{c:100,a:6,s:5}"
104bba,2025-04-21 12:01:09,DOWN,mdc,
ce48a8,2025-04-21 12:01:18,QUIT,,
372b45,2025-04-21 12:02:02,OPEN,,
89ea73,2025-04-21 12:02:05,PICK,mdc,
2e3e1d,2025-04-21 12:10:25,TEST,mdc,100
0f7eb9,2025-04-21 12:10:32,BACK,mdc,
6213e7,2025-04-21 12:10:40,SELF,mdc,"{c:100,a:6,s:5}"
601ed7,2025-04-21 12:10:51,QUIT,,
1399a4,2025-04-21 12:13:54,OPEN,,
dedfe0,2025-04-21 12:14:32,DOWN,eh_primo,
c7d3f6,2025-04-21 12:14:35,PICK,eh_primo,
b469db,2025-04-21 12:18:33,TEST,eh_primo,66
92fbde,2025-04-21 12:21:49,TEST,eh_primo,88
ad2c72,2025-04-21 12:22:41,TEST,eh_primo,88
ec4142,2025-04-21 12:26:03,TEST,eh_primo,55
539131,2025-04-21 12:27:47,BACK,eh_primo,
4556b3,2025-04-21 12:27:50,PICK,eh_primo,
0549df,2025-04-21 12:33:48,TEST,eh_primo,55
2d2c8e,2025-04-21 12:34:13,TEST,eh_primo,0
7650b0,2025-04-21 12:34:19,TEST,eh_primo,0
046e80,2025-04-21 12:36:01,TEST,eh_primo,0
4b3461,2025-04-21 12:48:01,TEST,eh_primo,0
d8b27a,2025-04-21 12:48:20,TEST,eh_primo,0
adb552,2025-04-21 12:48:39,TEST,eh_primo,0
1ccdf7,2025-04-21 12:49:06,TEST,eh_primo,0
86ca75,2025-04-21 12:49:49,TEST,eh_primo,0
69ba59,2025-04-21 12:50:05,TEST,eh_primo,0
0a46ab,2025-04-21 12:51:41,TEST,eh_primo,100
c835a4,2025-04-21 12:51:44,BACK,eh_primo,
3fa5c4,2025-04-21 12:52:00,SELF,eh_primo,"{c:100,a:2,s:0}"
ff020a,2025-04-21 12:52:07,SELF,eh_primo,"{c:100,a:2,s:5}"
ad1f64,2025-04-21 12:52:21,QUIT,,
1203f8,2025-04-21 12:52:55,OPEN,,
c98a62,2025-04-21 12:53:07,PICK,labirinto,
3d9a2c,2025-04-21 12:53:14,TEST,labirinto,0
9dfb6b,2025-04-21 12:54:27,TEST,labirinto,0
ec09a1,2025-04-21 12:59:57,BACK,labirinto,
c7ddf8,2025-04-21 13:00:00,DOWN,labirinto,
1764e0,2025-04-21 13:00:26,DOWN,labirinto,
b64b1a,2025-04-21 13:00:27,PICK,labirinto,
a91034,2025-04-21 13:02:09,BACK,labirinto,
c806ae,2025-04-21 13:02:31,DOWN,labirinto,
489d10,2025-04-21 13:11:48,PICK,labirinto,
bee5bf,2025-04-21 13:34:58,OPEN,,
1cfb17,2025-04-21 13:35:04,DOWN,labirinto,
688060,2025-04-21 13:35:07,PICK,labirinto,
e868a1,2025-04-21 13:35:24,TEST,labirinto,16
dd436e,2025-04-21 13:35:42,TEST,labirinto,100
515c8a,2025-04-21 13:36:15,BACK,labirinto,
27fa33,2025-04-21 13:36:17,QUIT,,
ef1aae,2025-04-21 13:36:38,OPEN,,
141c3a,2025-04-21 13:36:48,SELF,labirinto,"{c:100,a:2,s:5}"
dd5ae1,2025-04-21 13:36:53,QUIT,,
348826,2025-04-21 13:37:57,OPEN,,
875de5,2025-04-21 13:38:06,DOWN,fractais,
fa54c9,2025-04-21 13:38:10,PICK,fractais,
822056,2025-04-21 13:39:41,FREE,fractais,
815301,2025-04-21 13:45:27,BACK,fractais,
3af3cb,2025-04-21 13:45:28,QUIT,,
2439ce,2025-04-21 13:51:44,OPEN,,
6b848c,2025-04-21 13:51:51,DOWN,hex,
d17783,2025-04-21 13:51:53,PICK,hex,
0d9fe4,2025-04-21 13:52:18,BACK,hex,
32c25c,2025-04-21 13:52:19,QUIT,,
cffa8b,2025-04-23 16:06:12,OPEN,,
0ab555,2025-04-23 16:06:18,QUIT,,
f3db82,2025-04-23 16:07:05,OPEN,,
c59026,2025-04-23 16:11:27,SELF,treinando,"{c:100,a:2,s:4}"
be5d30,2025-04-23 16:13:10,SELF,triangulo,"{c:100,a:5,s:5}"
e925d0,2025-04-23 16:13:16,SELF,resto,"{c:100,a:6,s:5}"
2346f9,2025-04-23 16:15:49,PICK,treinando,
2eb4ec,2025-04-23 16:15:51,BACK,treinando,
e309ec,2025-04-23 16:18:15,PICK,treinando,
a50f49,2025-04-23 16:18:16,BACK,treinando,
51078c,2025-04-23 16:18:19,SELF,treinando,"{c:100,a:2,s:4}"
377eb6,2025-04-23 16:19:28,SELF,treinando,"{c:100,a:2,s:4}"
1af7e9,2025-04-23 16:19:39,SELF,triangulo,"{c:100,a:5,s:5}"
4d71e7,2025-04-23 16:21:12,SELF,triangulo,"{c:100,a:5,s:5}"
06cca4,2025-04-23 16:24:00,SELF,queimada,"{c:100,a:4,s:4}"
9cb000,2025-04-23 16:24:54,SELF,resto,"{c:100,a:6,s:5}"
da45e9,2025-04-23 16:25:00,SELF,resto,"{c:100,a:6,s:5}"
e224e8,2025-04-23 16:25:38,SELF,resto,"{c:100,a:6,s:5}"
1498eb,2025-04-23 16:25:59,SELF,resto,"{c:100,a:6,s:5}"
c212d3,2025-04-23 18:11:33,QUIT,,
a9067e,2025-04-23 18:11:56,OPEN,,
4896f1,2025-04-23 18:12:28,PICK,labirinto,
c084da,2025-04-23 18:27:02,BACK,labirinto,
4c2b0c,2025-04-23 18:27:04,PICK,labirinto,
5c5620,2025-04-23 18:29:54,TEST,labirinto,100
6876fc,2025-04-23 18:30:12,BACK,labirinto,
9a07fe,2025-04-23 18:30:41,SELF,labirinto,"{c:100,a:4,s:5}"
066917,2025-04-23 18:32:20,QUIT,,
6b51d1,2025-04-25 14:23:09,OPEN,,
2a34b4,2025-04-25 14:23:13,QUIT,,
95e16e,2025-04-25 14:23:48,OPEN,,
02a907,2025-04-25 14:23:59,QUIT,,
a1591f,2025-04-25 14:24:09,OPEN,,
bead4d,2025-04-25 14:24:45,PICK,fractais,
3e1ac2,2025-04-25 14:25:30,BACK,fractais,
03239f,2025-04-25 14:25:36,QUIT,,
3f10d8,2025-05-03 12:59:49,OPEN,,
30d8bb,2025-05-03 13:00:30,SELF,fractais,"{c:70,a:4,s:3}"
05825c,2025-05-03 13:00:42,QUIT,,
54cbb4,2025-05-03 14:22:42,OPEN,,
e50d7f,2025-05-03 14:23:21,DOWN,vetbuild,
403baa,2025-05-03 14:27:48,PICK,vetbuild,
cdc7e2,2025-05-04 19:06:34,OPEN,,
fb9679,2025-05-04 19:06:37,PICK,vetbuild,
0598f1,2025-05-04 19:20:02,TEST,vetbuild,30
95faee,2025-05-04 19:38:48,TEST,vetbuild,0
b63399,2025-05-04 19:38:57,TEST,vetbuild,40
67cfa4,2025-05-04 21:19:14,OPEN,,
7ff1b4,2025-05-04 21:19:17,PICK,vetbuild,
4d8846,2025-05-04 21:19:25,TEST,vetbuild,40
2cec27,2025-05-04 21:22:10,TEST,vetbuild,50
f7d946,2025-05-04 21:32:30,OPEN,,
3fcf36,2025-05-04 21:32:32,PICK,vetbuild,
1c77c3,2025-05-04 21:32:47,TEST,vetbuild,60
015758,2025-05-04 21:59:51,TEST,vetbuild,80
e2f27d,2025-05-04 22:16:34,TEST,vetbuild,100
7052e3,2025-05-04 22:16:48,BACK,vetbuild,
a94c68,2025-05-04 22:18:45,SELF,vetbuild,"{c:100,a:5,s:5}"
457d21,2025-05-04 22:18:51,DOWN,setbuild,
b045fc,2025-05-04 22:19:20,PICK,setbuild,
0987ab,2025-05-04 22:20:29,BACK,setbuild,
9e9781,2025-05-04 22:20:48,QUIT,,
2ac08d,2025-05-10 09:43:51,OPEN,,
d42186,2025-05-10 09:43:54,QUIT,,
25780d,2025-05-10 09:44:48,OPEN,,
418499,2025-05-10 09:45:27,DOWN,setbuild,
7cb5cb,2025-05-10 09:45:29,PICK,setbuild,
36e020,2025-05-10 09:49:00,BACK,setbuild,
40d6bd,2025-05-10 09:49:05,PICK,setbuild,
9f81ca,2025-05-10 10:15:53,BACK,setbuild,
8a9420,2025-05-10 10:15:55,QUIT,,
f76892,2025-05-10 10:16:35,OPEN,,
a4cea0,2025-05-10 10:16:47,PICK,setbuild,
992b02,2025-05-10 10:19:46,BACK,setbuild,
42c2c5,2025-05-10 10:19:47,PICK,setbuild,
3ac86d,2025-05-10 10:46:58,TEST,setbuild,0
4ae2f5,2025-05-10 10:47:00,TEST,setbuild,0
eb7902,2025-05-10 10:47:01,TEST,setbuild,0
702b58,2025-05-10 10:47:17,TEST,setbuild,33
9e3c89,2025-05-10 10:49:45,TEST,setbuild,66
ef0415,2025-05-10 10:51:09,TEST,setbuild,66
9d14ee,2025-05-10 10:51:50,TEST,setbuild,66
10e14f,2025-05-10 10:52:15,TEST,setbuild,100
de5c73,2025-05-10 10:52:23,BACK,setbuild,
0a5401,2025-05-10 10:52:55,SELF,setbuild,"{c:100,a:4,s:4}"
3f0a57,2025-05-10 10:53:03,QUIT,,
89cf27,2025-05-10 10:54:29,OPEN,,
42d397,2025-05-10 10:54:38,DOWN,magicsearch,
f416c7,2025-05-10 10:54:40,PICK,magicsearch,
2ef95c,2025-05-10 11:28:32,BACK,magicsearch,
9fd15e,2025-05-10 17:21:00,OPEN,,
ebd09e,2025-05-10 17:21:15,PICK,magicsearch,
c79a3b,2025-05-10 17:29:00,BACK,magicsearch,
60177b,2025-05-10 17:29:02,QUIT,,
93449f,2025-05-11 14:04:11,OPEN,,
108e92,2025-05-11 14:04:13,PICK,magicsearch,
b94c66,2025-05-11 14:31:31,TEST,magicsearch,44
3177ef,2025-05-11 14:36:09,TEST,magicsearch,55
859d5b,2025-05-11 14:37:55,TEST,magicsearch,66
072657,2025-05-11 14:50:18,TEST,magicsearch,0
ed5a52,2025-05-11 14:50:36,OPEN,,
9a24df,2025-05-11 14:50:37,PICK,magicsearch,
07b9ac,2025-05-11 14:50:46,TEST,magicsearch,44
9db020,2025-05-11 14:53:04,TEST,magicsearch,66
27664a,2025-05-11 14:53:38,TEST,magicsearch,66
5f205d,2025-05-11 15:00:52,TEST,magicsearch,55
7059a0,2025-05-11 15:01:53,TEST,magicsearch,22
311f16,2025-05-11 15:02:31,TEST,magicsearch,100
7d71de,2025-05-11 15:03:34,BACK,magicsearch,
ab2a4e,2025-05-11 15:03:51,SELF,magicsearch,"{c:100,a:4,s:5}"
b0f9d8,2025-05-11 15:04:10,QUIT,,
ee8bd4,2025-05-11 15:05:22,OPEN,,
6c0b81,2025-05-11 15:05:28,DOWN,multiset,
0a072c,2025-05-11 15:05:29,PICK,multiset,
31a3cb,2025-05-11 18:47:24,OPEN,,
0ebb8d,2025-05-11 18:47:28,PICK,multiset,
54e16d,2025-05-11 18:51:46,BACK,multiset,
5c6669,2025-05-11 18:51:50,PICK,vetbuild,
77fb96,2025-05-11 18:59:00,TEST,vetbuild,100
1ddfa6,2025-05-11 18:59:06,BACK,vetbuild,
467bea,2025-05-11 18:59:40,SELF,multiset,"{c:100,a:2,s:4}"
8d8751,2025-05-11 18:59:44,QUIT,,
ff1f0e,2025-05-13 17:26:51,OPEN,,
be9ad4,2025-05-13 17:36:42,QUIT,,
bdb2b9,2025-05-13 17:56:03,OPEN,,
7c88bb,2025-05-13 18:02:06,QUIT,,
3b04f9,2025-05-13 18:02:42,OPEN,,
f980e2,2025-05-13 18:03:04,DOWN,vetequals,
d14c0e,2025-05-13 18:03:07,PICK,vetequals,
0c7c40,2025-05-13 18:25:31,TEST,vetequals,0
efa004,2025-05-13 18:25:33,TEST,vetequals,0
41a5bc,2025-05-13 18:25:42,TEST,vetequals,0
697b55,2025-05-13 18:25:43,TEST,vetequals,0
d22ed6,2025-05-13 18:25:49,TEST,vetequals,0
cfac10,2025-05-13 18:25:53,TEST,vetequals,0
3d6e6a,2025-05-13 18:26:16,TEST,vetequals,0
adc153,2025-05-13 18:26:25,TEST,vetequals,0
352999,2025-05-13 18:26:27,TEST,vetequals,0
8f2e09,2025-05-13 18:27:08,TEST,vetequals,0
62e800,2025-05-13 18:27:10,TEST,vetequals,80
74ffe2,2025-05-13 18:28:00,TEST,vetequals,0
2977b0,2025-05-13 18:28:02,TEST,vetequals,80
9d4c36,2025-05-13 18:30:48,TEST,vetequals,0
178504,2025-05-13 18:30:51,TEST,vetequals,0
c125a6,2025-05-13 18:30:52,TEST,vetequals,0
faa398,2025-05-13 18:31:01,TEST,vetequals,80
c5971d,2025-05-13 18:31:04,TEST,vetequals,80
40bcd8,2025-05-13 18:31:36,TEST,vetequals,0
ae1785,2025-05-13 18:31:44,TEST,vetequals,0
28a352,2025-05-13 18:31:45,TEST,vetequals,100
80b80c,2025-05-13 18:31:46,TEST,vetequals,100
a71fae,2025-05-13 18:31:52,BACK,vetequals,
67f9f8,2025-05-13 18:32:01,SELF,vetequals,"{c:100,a:6,s:5}"
e1a19b,2025-05-13 18:32:05,QUIT,,
a4c25f,2025-05-19 16:54:53,OPEN,,
0b8fc2,2025-05-19 16:55:24,DOWN,bettersearch,
64c5d6,2025-05-19 16:55:27,PICK,bettersearch,
4c1d14,2025-05-19 16:56:51,BACK,bettersearch,
eb47f3,2025-05-19 16:56:58,DOWN,lista_d1,
c29b1c,2025-05-19 16:56:59,PICK,lista_d1,
09f3e1,2025-05-19 17:31:26,BACK,lista_d1,
431b2d,2025-05-19 17:31:44,PICK,lista_d1,
00156f,2025-05-19 18:02:54,OPEN,,
c57e7e,2025-05-19 18:02:55,PICK,lista_d1,
219b5a,2025-05-19 18:05:37,TEST,lista_d1,0
c8423f,2025-05-19 18:05:39,TEST,lista_d1,0
560188,2025-05-19 18:05:39,TEST,lista_d1,0
d23bf0,2025-05-19 18:05:40,TEST,lista_d1,0
4b9aa6,2025-05-19 18:05:40,TEST,lista_d1,0
f2de07,2025-05-19 18:05:56,TEST,lista_d1,0
1285a0,2025-05-19 18:09:52,BACK,lista_d1,
530fb5,2025-05-19 18:09:54,QUIT,,
af2b51,2025-05-19 18:09:56,OPEN,,
0c7948,2025-05-19 18:10:09,PICK,especiais,
0a8894,2025-05-19 18:10:33,TEST,especiais,100
3eae95,2025-05-19 18:11:11,BACK,especiais,
63c5f6,2025-05-19 18:11:18,PICK,lista_d1,
02d6ca,2025-05-19 18:20:22,TEST,lista_d1,14
c13b14,2025-05-19 18:26:58,TEST,lista_d1,0
38a247,2025-05-19 18:26:59,TEST,lista_d1,0
edcb25,2025-05-19 18:27:00,TEST,lista_d1,0
23e93a,2025-05-19 18:27:00,TEST,lista_d1,0
72b947,2025-05-19 18:27:00,TEST,lista_d1,0
a8b7d6,2025-05-19 18:27:01,TEST,lista_d1,0
bbf31e,2025-05-19 18:27:01,TEST,lista_d1,0
52fb43,2025-05-19 18:27:01,TEST,lista_d1,0
d3d0f7,2025-05-19 18:27:01,TEST,lista_d1,0
327a58,2025-05-19 18:27:02,TEST,lista_d1,0
f271b8,2025-05-19 18:27:02,TEST,lista_d1,0
a935d4,2025-05-19 18:27:22,BACK,lista_d1,
3f632e,2025-05-19 18:27:35,QUIT,,
302251,2025-05-20 11:38:15,OPEN,,
df7cbf,2025-05-20 11:38:24,PICK,lista_d1,
104b46,2025-05-20 11:38:36,TEST,lista_d1,0
b76166,2025-05-20 11:38:40,TEST,lista_d1,0
ecfa89,2025-05-20 11:38:42,TEST,lista_d1,0
24413e,2025-05-20 11:38:44,TEST,lista_d1,0
54768c,2025-05-20 11:39:45,TEST,lista_d1,0
d7d110,2025-05-20 11:39:46,TEST,lista_d1,0
bf04f1,2025-05-20 11:40:37,TEST,lista_d1,0
978fba,2025-05-20 11:40:39,TEST,lista_d1,14
b33cb6,2025-05-20 11:41:22,TEST,lista_d1,100
69c932,2025-05-20 14:35:05,OPEN,,
c9d6c8,2025-05-20 14:35:31,SELF,lista_d1,"{c:100,a:3,s:4}"
2d4728,2025-05-20 14:35:35,QUIT,,
0c5250,2025-05-20 17:08:06,OPEN,,
441bf0,2025-05-20 17:10:11,DOWN,editorint,
2dcb56,2025-05-20 17:10:12,PICK,editorint,
1aaa6a,2025-05-20 17:10:21,BACK,editorint,
c951a2,2025-05-20 17:10:23,QUIT,,
efa2ce,2025-05-20 18:07:16,OPEN,,
b07d4b,2025-05-20 18:09:02,PICK,bettersearch,
ef100a,2025-05-20 18:09:25,OPEN,,
91e69f,2025-05-20 18:09:31,PICK,magicsearch,
859ca1,2025-05-20 18:09:56,BACK,magicsearch,
9c6fc7,2025-05-20 18:09:58,PICK,bettersearch,
bd76c3,2025-05-20 18:16:53,TEST,bettersearch,63
7acad0,2025-05-20 18:17:55,TEST,bettersearch,54
4d320b,2025-05-20 18:18:02,TEST,bettersearch,54
f87f50,2025-05-20 18:21:12,TEST,bettersearch,0
2faf45,2025-05-20 18:21:13,TEST,bettersearch,0
9fc9ce,2025-05-20 18:21:28,TEST,bettersearch,0
db1726,2025-05-20 18:21:30,TEST,bettersearch,0
a079f1,2025-05-20 18:21:31,TEST,bettersearch,0
d99ef0,2025-05-20 18:21:31,TEST,bettersearch,0
4fd35b,2025-05-20 18:21:34,TEST,bettersearch,0
5d4315,2025-05-20 18:21:35,TEST,bettersearch,0
ff14e1,2025-05-20 18:21:57,TEST,bettersearch,0
f2591f,2025-05-20 18:21:58,TEST,bettersearch,0
c25f2c,2025-05-20 18:22:24,TEST,bettersearch,0
77d993,2025-05-20 18:22:25,TEST,bettersearch,0
346878,2025-05-20 18:22:25,TEST,bettersearch,0
1432a1,2025-05-20 18:22:50,TEST,bettersearch,0
c63cb3,2025-05-20 18:22:51,TEST,bettersearch,0
89f2fa,2025-05-20 18:22:58,TEST,bettersearch,0
5b66a8,2025-05-20 18:22:59,TEST,bettersearch,63
c29e68,2025-05-20 18:23:15,TEST,bettersearch,0
d54384,2025-05-20 18:23:16,TEST,bettersearch,0
176310,2025-05-20 18:23:16,TEST,bettersearch,0
0dbaf6,2025-05-20 18:23:17,TEST,bettersearch,0
019917,2025-05-20 18:23:18,TEST,bettersearch,0
912601,2025-05-20 18:23:33,TEST,bettersearch,0
180e0d,2025-05-20 18:23:38,TEST,bettersearch,63
0cfdb1,2025-05-20 18:26:12,TEST,bettersearch,63
7774c8,2025-05-20 18:29:43,TEST,bettersearch,0
56978e,2025-05-20 18:29:44,TEST,bettersearch,0
26485f,2025-05-20 18:29:44,TEST,bettersearch,0
8c0484,2025-05-20 18:29:55,TEST,bettersearch,0
4b721f,2025-05-20 18:29:56,TEST,bettersearch,0
b637de,2025-05-20 18:29:56,TEST,bettersearch,0
925a5d,2025-05-20 18:29:56,TEST,bettersearch,0
fc88e9,2025-05-20 18:30:28,TEST,bettersearch,54
d6ce36,2025-05-20 18:30:34,TEST,bettersearch,63
f9dfe6,2025-05-20 18:30:59,TEST,bettersearch,63
211917,2025-05-20 18:33:04,TEST,bettersearch,0
d14179,2025-05-20 18:33:05,TEST,bettersearch,0
6326f7,2025-05-20 18:33:06,TEST,bettersearch,0
49ce60,2025-05-20 18:33:17,TEST,bettersearch,0
2884ce,2025-05-20 18:33:18,TEST,bettersearch,72
7ef252,2025-05-20 18:33:19,TEST,bettersearch,72
ff8581,2025-05-20 18:33:41,TEST,bettersearch,72
3ef602,2025-05-20 18:33:53,TEST,bettersearch,72
bbc263,2025-05-20 18:34:18,TEST,bettersearch,90
e963bf,2025-05-20 18:34:51,TEST,bettersearch,100
40e9f7,2025-05-20 18:34:54,BACK,bettersearch,
00adec,2025-05-20 18:35:07,SELF,bettersearch,"{c:100,a:6,s:5}"
351b5c,2025-05-20 18:35:09,QUIT,,
19dddd,2025-05-26 12:27:28,OPEN,,
acb23c,2025-05-26 12:27:53,DOWN,editor,
d2a3e2,2025-05-26 12:27:54,PICK,editor,
f840d0,2025-05-26 12:28:12,BACK,editor,
190e4a,2025-05-26 12:28:21,PICK,editorint,
97a322,2025-05-26 12:49:52,BACK,editorint,
d06aa0,2025-05-26 12:49:58,QUIT,,
c85d1d,2025-05-26 12:53:24,OPEN,,
9011ea,2025-05-26 12:54:07,SELF,editorint,"{c:100,a:3,s:5}"
f7237c,2025-05-26 12:54:18,QUIT,,
7f1d79,2025-05-26 16:49:19,OPEN,,
c92088,2025-05-26 16:49:27,PICK,editorint,
b31144,2025-05-26 18:01:07,OPEN,,
719781,2025-05-26 18:07:36,DOWN,bufferring,
377383,2025-05-26 18:07:37,PICK,bufferring,
6b9dec,2025-05-26 18:07:47,BACK,bufferring,
9bd4bc,2025-05-26 18:07:50,QUIT,,
b55fae,2025-05-26 18:08:16,OPEN,,
e417a8,2025-05-26 18:08:21,PICK,bufferring,
b3b6fd,2025-05-26 19:49:37,OPEN,,
35e930,2025-05-26 19:49:46,PICK,bufferring,
431dff,2025-05-26 19:50:27,TEST,bufferring,0
865bc2,2025-05-26 19:50:37,BACK,bufferring,
8febf8,2025-05-26 19:50:47,PICK,lista_d1,
b8eb1e,2025-05-26 19:50:50,TEST,lista_d1,100
15ea6b,2025-05-26 19:51:05,BACK,lista_d1,
fe804f,2025-05-27 15:27:00,OPEN,,
b001f7,2025-05-27 15:27:39,DOWN,lista_d2,
cb6d61,2025-05-27 15:27:40,PICK,lista_d2,
25d990,2025-05-27 16:57:52,OPEN,,
33dd01,2025-05-27 17:02:46,PICK,lista_d2,
0c062d,2025-05-27 17:36:11,TEST,lista_d2,0
384adc,2025-05-27 17:36:13,TEST,lista_d2,0
88937a,2025-05-27 17:36:14,TEST,lista_d2,0
4e735a,2025-05-27 17:36:14,TEST,lista_d2,0
750634,2025-05-27 17:36:14,TEST,lista_d2,0
bd716a,2025-05-27 17:36:14,TEST,lista_d2,0
885263,2025-05-27 17:36:15,TEST,lista_d2,0
46ef96,2025-05-27 17:36:15,TEST,lista_d2,0
61a6ff,2025-05-27 17:36:15,TEST,lista_d2,0
cc5439,2025-05-27 17:36:15,TEST,lista_d2,0
91b634,2025-05-27 17:36:15,TEST,lista_d2,0
0aa590,2025-05-27 17:36:15,TEST,lista_d2,0
5acddc,2025-05-27 17:36:41,TEST,lista_d2,0
edccba,2025-05-27 17:36:42,TEST,lista_d2,0
a377cb,2025-05-27 17:37:25,TEST,lista_d2,0
086860,2025-05-27 17:37:26,TEST,lista_d2,0
bba731,2025-05-27 17:37:27,TEST,lista_d2,0
37911f,2025-05-27 17:37:38,TEST,lista_d2,0
4d4d4b,2025-05-27 17:37:39,TEST,lista_d2,0
e588ce,2025-05-27 17:38:21,TEST,lista_d2,0
a12e89,2025-05-27 17:38:22,TEST,lista_d2,0
439462,2025-05-27 17:38:51,TEST,lista_d2,0
dd5205,2025-05-27 17:38:52,TEST,lista_d2,0
181001,2025-05-27 17:40:43,TEST,lista_d2,0
ac03d5,2025-05-27 17:41:02,TEST,lista_d2,0
55a4c0,2025-05-27 17:41:03,TEST,lista_d2,0
962fd1,2025-05-27 17:41:04,TEST,lista_d2,0
8a898d,2025-05-27 17:41:56,TEST,lista_d2,0
51dc72,2025-05-27 17:41:57,TEST,lista_d2,0
755381,2025-05-27 17:42:46,TEST,lista_d2,0
2357a9,2025-05-27 17:42:57,TEST,lista_d2,0
78eb0e,2025-05-27 17:42:58,TEST,lista_d2,0
550d23,2025-05-27 17:43:00,TEST,lista_d2,0
36fb2b,2025-05-27 17:43:05,TEST,lista_d2,0
6e5d42,2025-05-27 17:43:06,TEST,lista_d2,0
33e1db,2025-05-27 17:43:07,TEST,lista_d2,0
3d6144,2025-05-27 17:43:18,TEST,lista_d2,0
fb8c54,2025-05-27 17:43:18,TEST,lista_d2,0
3c780f,2025-05-27 17:43:22,TEST,lista_d2,0
c7ead3,2025-05-27 17:43:23,TEST,lista_d2,0
079a5b,2025-05-27 17:43:24,TEST,lista_d2,0
7d11f8,2025-05-27 17:45:19,TEST,lista_d2,0
bd8446,2025-05-27 17:45:21,TEST,lista_d2,0
3fc2e5,2025-05-27 17:45:22,TEST,lista_d2,0
e61a6c,2025-05-27 17:45:41,OPEN,,
f96a7f,2025-05-27 17:45:42,PICK,lista_d2,
103bd3,2025-05-27 17:46:02,BACK,lista_d2,
cae053,2025-05-27 17:46:04,PICK,lista_d2,
2d5df7,2025-05-27 17:46:11,TEST,lista_d2,0
cdb6b8,2025-05-27 17:46:11,TEST,lista_d2,0
e91230,2025-05-27 17:46:14,TEST,lista_d2,0
871d3b,2025-05-27 17:46:15,TEST,lista_d2,0
3a9f75,2025-05-27 17:46:16,TEST,lista_d2,0
59b919,2025-05-27 17:46:58,TEST,lista_d2,0
2038c4,2025-05-27 17:46:58,TEST,lista_d2,0
d3cb8f,2025-05-27 17:46:59,TEST,lista_d2,0
139789,2025-05-27 17:46:59,TEST,lista_d2,0
8ddc51,2025-05-27 17:46:59,TEST,lista_d2,0
37471f,2025-05-27 17:46:59,TEST,lista_d2,0
21e836,2025-05-27 17:48:27,TEST,lista_d2,0
dd12ba,2025-05-27 17:48:28,TEST,lista_d2,0
9c4538,2025-05-27 17:48:29,TEST,lista_d2,0
51e340,2025-05-27 17:49:20,TEST,lista_d2,0
003a3a,2025-05-27 17:49:20,TEST,lista_d2,0
0d8c0a,2025-05-27 17:49:21,TEST,lista_d2,0
f772fc,2025-05-27 17:49:22,TEST,lista_d2,0
9481e7,2025-05-27 17:49:48,TEST,lista_d2,0
8c2820,2025-05-27 17:49:49,TEST,lista_d2,0
b8a2a9,2025-05-27 17:50:55,TEST,lista_d2,0
15e863,2025-05-27 17:50:56,TEST,lista_d2,0
8348f5,2025-05-27 17:50:56,TEST,lista_d2,0
0ba063,2025-05-27 17:51:11,OPEN,,
a08ac6,2025-05-27 17:51:12,PICK,lista_d2,
83f2cf,2025-05-27 17:51:13,TEST,lista_d2,0
409153,2025-05-27 17:51:22,OPEN,,
6dd52c,2025-05-27 17:51:24,PICK,lista_d2,
11c752,2025-05-27 17:51:27,TEST,lista_d2,0
7bce41,2025-05-27 17:53:28,TEST,lista_d2,0
dca5d2,2025-05-27 17:53:35,TEST,lista_d2,0
cfc679,2025-05-27 17:54:32,TEST,lista_d2,0
8eedce,2025-05-27 17:54:33,TEST,lista_d2,0
51549b,2025-05-27 17:55:48,TEST,lista_d2,0
ef0a26,2025-05-27 17:55:49,TEST,lista_d2,0
99e9ee,2025-05-27 17:55:49,TEST,lista_d2,0
1601a1,2025-05-27 17:55:50,TEST,lista_d2,0
ff558f,2025-05-27 17:55:50,TEST,lista_d2,0
8a033e,2025-05-27 17:56:33,TEST,lista_d2,60
ecd75a,2025-05-27 17:56:37,TEST,lista_d2,60
924671,2025-05-27 17:56:40,TEST,lista_d2,60
c35123,2025-05-27 17:57:17,TEST,lista_d2,80
2cd7c4,2025-05-27 18:00:07,TEST,lista_d2,0
b80b02,2025-05-27 18:00:08,TEST,lista_d2,0
46e552,2025-05-27 18:00:08,TEST,lista_d2,0
c7a196,2025-05-27 18:00:20,TEST,lista_d2,80
cd6adb,2025-05-27 18:04:02,TEST,lista_d2,80
204be3,2025-05-27 18:04:29,TEST,lista_d2,100
9aeefa,2025-05-27 18:05:23,OPEN,,
48544d,2025-05-27 18:05:24,PICK,lista_d2,
ff0973,2025-05-27 18:05:25,TEST,lista_d2,80
ae3a68,2025-05-27 18:05:26,TEST,lista_d2,80
289833,2025-05-27 18:05:36,TEST,lista_d2,100
3ef3dc,2025-05-27 18:05:38,BACK,lista_d2,
8368be,2025-05-27 18:05:48,SELF,lista_d2,"{c:100,a:5,s:5}"
950ff4,2025-05-27 18:05:56,QUIT,,
2d6f87,2025-05-28 17:15:51,OPEN,,
5ed4da,2025-05-28 17:16:34,DOWN,lista_d4,
3135fb,2025-05-28 17:16:38,PICK,lista_d4,
39feaa,2025-06-03 13:21:08,OPEN,,
485d1c,2025-06-03 13:25:39,PICK,lista_d4,
881a59,2025-06-03 17:48:24,OPEN,,
4630e0,2025-06-05 13:36:55,OPEN,,
ab0c9e,2025-06-05 13:37:06,PICK,lista_d4,
45d440,2025-06-05 14:12:03,OPEN,,
2180ba,2025-06-05 14:12:06,PICK,lista_d4,
0da19f,2025-06-05 14:12:08,TEST,lista_d4,0
3b7da2,2025-06-05 14:12:08,SIZE,lista_d4,142
e64819,2025-06-05 14:12:09,TEST,lista_d4,0
cbaf54,2025-06-05 14:12:10,TEST,lista_d4,0
46cda4,2025-06-05 14:12:34,TEST,lista_d4,0
6122fb,2025-06-05 14:12:34,SIZE,lista_d4,142
a62e74,2025-06-05 14:12:35,TEST,lista_d4,0
a1a957,2025-06-05 14:12:56,TEST,lista_d4,0
471f0e,2025-06-05 14:12:58,TEST,lista_d4,0
12b4ef,2025-06-05 14:12:59,TEST,lista_d4,0
83b222,2025-06-05 14:12:59,TEST,lista_d4,0
a6fb11,2025-06-05 14:13:11,TEST,lista_d4,0
b405ed,2025-06-05 14:13:11,SIZE,lista_d4,143
27ee7e,2025-06-05 14:13:12,TEST,lista_d4,0
2dca10,2025-06-05 14:13:12,TEST,lista_d4,0
5bf744,2025-06-05 14:13:13,TEST,lista_d4,0
4ca8bd,2025-06-06 17:03:03,OPEN,,
392a30,2025-06-06 17:03:07,PICK,lista_d4,
bebcc9,2025-06-06 17:27:47,OPEN,,
92097f,2025-06-06 17:27:51,PICK,lista_d4,
440ecb,2025-06-06 17:27:52,TEST,lista_d4,0
15862c,2025-06-06 17:27:52,SIZE,lista_d4,133
fed47e,2025-06-06 17:27:52,TEST,lista_d4,0
64915c,2025-06-06 17:27:53,SIZE,lista_d4,133
66a56e,2025-06-06 17:27:53,TEST,lista_d4,0
7c008b,2025-06-06 17:27:54,SIZE,lista_d4,133
7fa628,2025-06-06 17:28:02,TEST,lista_d4,0
231c66,2025-06-06 17:28:02,SIZE,lista_d4,133
32269d,2025-06-06 17:28:03,TEST,lista_d4,0
4a40c7,2025-06-06 17:28:03,TEST,lista_d4,0
393e1d,2025-06-06 17:28:04,TEST,lista_d4,0
bcb88f,2025-06-06 17:28:35,TEST,lista_d4,0
8d7590,2025-06-06 17:28:35,SIZE,lista_d4,133
e6bd3a,2025-06-06 17:28:35,TEST,lista_d4,0
15c7b8,2025-06-06 17:28:35,SIZE,lista_d4,133
38c272,2025-06-06 17:28:36,TEST,lista_d4,0
52c0b0,2025-06-06 17:28:36,SIZE,lista_d4,133
b03adf,2025-06-06 17:28:36,TEST,lista_d4,0
8f29da,2025-06-06 17:28:36,SIZE,lista_d4,133
f1ad90,2025-06-06 17:28:37,TEST,lista_d4,0
9f06a2,2025-06-06 17:28:38,SIZE,lista_d4,133
a88b19,2025-06-06 17:28:38,TEST,lista_d4,0
7bf810,2025-06-06 17:29:00,TEST,lista_d4,0
df08ed,2025-06-06 17:29:00,SIZE,lista_d4,133
df5c8e,2025-06-06 17:29:00,TEST,lista_d4,0
4ca823,2025-06-06 17:29:00,SIZE,lista_d4,133
e0e282,2025-06-06 17:29:01,TEST,lista_d4,0
82e1a7,2025-06-06 17:29:01,SIZE,lista_d4,133
ca5d2a,2025-06-06 17:29:02,TEST,lista_d4,0
b4a2b7,2025-06-06 17:29:02,TEST,lista_d4,0
0d55e5,2025-06-06 17:29:03,TEST,lista_d4,0
80af06,2025-06-06 17:29:03,TEST,lista_d4,0
6864a2,2025-06-06 17:29:04,TEST,lista_d4,0
fb951e,2025-06-06 17:29:13,TEST,lista_d4,0
cd0d7d,2025-06-06 17:29:13,SIZE,lista_d4,134
4f3378,2025-06-06 17:29:13,TEST,lista_d4,0
8a042f,2025-06-06 17:29:13,SIZE,lista_d4,134
c102e4,2025-06-06 17:29:14,TEST,lista_d4,0
1f98c6,2025-06-06 17:29:14,SIZE,lista_d4,134
8877f2,2025-06-06 17:29:26,TEST,lista_d4,0
53d406,2025-06-06 17:29:26,SIZE,lista_d4,134
6417a9,2025-06-06 17:29:27,TEST,lista_d4,0
ee6388,2025-06-06 17:29:27,TEST,lista_d4,0
7f149f,2025-06-06 17:29:28,TEST,lista_d4,0
f0da83,2025-06-06 17:29:32,TEST,lista_d4,0
702c41,2025-06-06 17:29:32,SIZE,lista_d4,134
31c358,2025-06-06 17:29:32,TEST,lista_d4,0
602aa5,2025-06-06 17:29:32,SIZE,lista_d4,134
faddde,2025-06-06 17:29:49,OPEN,,
a11a33,2025-06-06 17:30:25,PICK,lista_d4,
7ff357,2025-06-06 17:30:27,TEST,lista_d4,0
299625,2025-06-06 17:30:27,SIZE,lista_d4,134
ad8637,2025-06-06 17:30:44,TEST,lista_d4,0
48eaa4,2025-06-06 17:30:52,TEST,lista_d4,0
fba589,2025-06-06 17:32:18,TEST,lista_d4,0
50acb8,2025-06-06 17:32:18,SIZE,lista_d4,134
8ef70c,2025-06-06 17:32:18,TEST,lista_d4,0
49db98,2025-06-06 17:32:18,SIZE,lista_d4,134
99a43b,2025-06-06 17:32:19,TEST,lista_d4,0
2d4123,2025-06-06 17:32:20,SIZE,lista_d4,134
0a33a1,2025-06-06 17:37:05,TEST,lista_d4,0
2cbead,2025-06-06 17:37:05,SIZE,lista_d4,157
ef0b8a,2025-06-06 17:37:06,TEST,lista_d4,0
2c565e,2025-06-06 17:37:07,TEST,lista_d4,0
e86fb3,2025-06-06 17:37:07,TEST,lista_d4,0
687492,2025-06-06 17:37:08,TEST,lista_d4,0
db180b,2025-06-06 17:37:24,TEST,lista_d4,0
b964a6,2025-06-06 17:37:25,TEST,lista_d4,0
c68ae8,2025-06-06 17:38:49,TEST,lista_d4,0
57c796,2025-06-06 17:38:49,TEST,lista_d4,0
0673c0,2025-06-06 17:38:50,TEST,lista_d4,0
db9dc3,2025-06-06 17:38:50,TEST,lista_d4,0
ba5080,2025-06-06 17:41:31,TEST,lista_d4,100
d1fecb,2025-06-06 17:41:31,SIZE,lista_d4,151
7cd3f1,2025-06-06 17:41:37,TEST,lista_d4,100
ad2c25,2025-06-06 17:41:37,SIZE,lista_d4,150
367a31,2025-06-06 17:41:38,BACK,lista_d4,
37ef7e,2025-06-06 17:41:54,SELF,lista_d4,"{c:100,a:5,s:5,clear:0,fun:0,easy:0}"
772a64,2025-06-06 17:42:10,QUIT,,
445d3b,2025-06-09 16:24:05,OPEN,,
1378e8,2025-06-09 16:24:20,DOWN,prin_list1,
9585b4,2025-06-09 16:24:25,PICK,prin_list1,
a6b8c5,2025-06-09 16:43:43,TEST,prin_list1,100
1fb3d9,2025-06-09 16:43:43,SIZE,prin_list1,47
39e475,2025-06-09 16:46:09,BACK,prin_list1,
ee3b5d,2025-06-09 16:46:25,SELF,prin_list1,"{c:100,a:6,s:5,clear:0,fun:0,easy:0}"
ea90e5,2025-06-09 16:47:08,DOWN,iterador,
ed3b13,2025-06-09 16:47:09,PICK,iterador,
54fa6b,2025-06-09 16:56:47,TEST,iterador,33
00c671,2025-06-09 16:56:47,SIZE,iterador,90
838c26,2025-06-09 16:57:38,TEST,iterador,33
2d292a,2025-06-09 16:57:39,TEST,iterador,33
599161,2025-06-09 17:07:45,TEST,iterador,33
c5efb8,2025-06-09 17:10:22,TEST,iterador,33
6eb5a6,2025-06-09 17:10:22,SIZE,iterador,103
079a2c,2025-06-09 17:10:23,TEST,iterador,33
9bf8ab,2025-06-09 17:11:00,TEST,iterador,66
fb27f9,2025-06-09 17:11:00,SIZE,iterador,103
79953a,2025-06-09 17:11:01,TEST,iterador,66
8862af,2025-06-09 17:11:44,TEST,iterador,66
cc50ab,2025-06-09 17:11:44,SIZE,iterador,103
b239b9,2025-06-09 17:11:54,TEST,iterador,66
768648,2025-06-09 17:11:54,SIZE,iterador,103
e81a51,2025-06-09 17:12:24,TEST,iterador,66
d5a109,2025-06-09 17:12:24,SIZE,iterador,103
60cebe,2025-06-09 17:14:16,TEST,iterador,66
4ff4ff,2025-06-09 17:14:27,TEST,iterador,66
712c08,2025-06-09 17:14:29,TEST,iterador,66
73cc02,2025-06-09 17:14:29,SIZE,iterador,103
94fdfd,2025-06-09 17:14:30,TEST,iterador,66
e890f3,2025-06-09 17:14:30,TEST,iterador,66
1bff7e,2025-06-09 17:17:12,TEST,iterador,100
b21361,2025-06-09 17:17:12,SIZE,iterador,104
914ede,2025-06-09 17:17:18,BACK,iterador,
fbc039,2025-06-09 17:17:27,SELF,iterador,"{c:100,a:3,s:4,clear:0,fun:0,easy:0}"
ffffed,2025-06-09 17:21:06,QUIT,,
d5e7a3,2025-06-09 18:03:30,OPEN,,
5a23e9,2025-06-09 18:03:42,PICK,bufferring,
0f3148,2025-06-09 18:04:29,BACK,bufferring,
c78792,2025-06-09 18:04:34,DOWN,queimando,
bed10f,2025-06-09 18:04:36,PICK,queimando,
30071e,2025-06-09 18:12:23,TEST,queimando,0
d1d4e3,2025-06-09 18:12:23,SIZE,queimando,130
05d2a4,2025-06-09 18:12:25,TEST,queimando,0
c5180e,2025-06-09 18:12:25,TEST,queimando,0
7c6a2c,2025-06-09 18:12:26,TEST,queimando,0
6505a9,2025-06-09 18:12:26,TEST,queimando,0
44815b,2025-06-09 18:12:26,TEST,queimando,0
72e393,2025-06-09 18:12:27,TEST,queimando,0
f7882b,2025-06-09 18:12:27,TEST,queimando,0
9de325,2025-06-09 18:12:46,TEST,queimando,100
cb821d,2025-06-09 18:12:46,SIZE,queimando,130
9be3ea,2025-06-09 18:12:48,BACK,queimando,
d96974,2025-06-09 18:12:56,SELF,queimando,"{c:100,a:6,s:5,clear:0,fun:0,easy:0}"
0a1f08,2025-06-09 18:13:08,QUIT,,
23b85b,2025-06-10 12:34:02,OPEN,,
414baf,2025-06-10 12:38:29,PICK,bufferring,
047767,2025-06-10 13:40:40,TEST,bufferring,0
ccc552,2025-06-10 13:44:26,TEST,bufferring,0
23ed0d,2025-06-10 13:44:27,TEST,bufferring,16
9a6bf7,2025-06-10 13:44:37,TEST,bufferring,16
a6bcc8,2025-06-10 13:45:36,TEST,bufferring,16
4db927,2025-06-10 13:47:26,TEST,bufferring,16
e9f0cc,2025-06-10 16:26:09,TEST,bufferring,16
f3c480,2025-06-10 16:28:26,TEST,bufferring,16
c12173,2025-06-10 16:29:45,TEST,bufferring,16
91f7b4,2025-06-10 16:30:12,TEST,bufferring,16
409924,2025-06-10 16:33:26,TEST,bufferring,16
0ba190,2025-06-10 16:39:22,TEST,bufferring,16
41a226,2025-06-10 16:47:11,TEST,bufferring,0
e8a08b,2025-06-10 16:47:15,TEST,bufferring,0
00556c,2025-06-10 16:47:42,TEST,bufferring,33
ecf9c0,2025-06-10 16:58:42,TEST,bufferring,50
eb8ec0,2025-06-10 16:59:46,TEST,bufferring,50
9df48f,2025-06-10 16:59:57,TEST,bufferring,50
af20e5,2025-06-10 17:08:31,TEST,bufferring,0
abaeec,2025-06-10 17:08:35,TEST,bufferring,50
8cf21b,2025-06-10 17:09:22,TEST,bufferring,0
5d7ade,2025-06-10 17:09:26,TEST,bufferring,50
371a7b,2025-06-10 17:09:31,TEST,bufferring,50
1f0618,2025-06-10 17:10:36,TEST,bufferring,50
7d6ac4,2025-06-10 17:10:53,TEST,bufferring,50
830109,2025-06-10 17:11:30,TEST,bufferring,50
f49065,2025-06-10 17:12:26,TEST,bufferring,33
039f1e,2025-06-10 17:12:28,TEST,bufferring,33
5b530e,2025-06-10 17:12:51,TEST,bufferring,33
f2414c,2025-06-10 17:13:19,TEST,bufferring,33
61e84e,2025-06-10 17:13:30,TEST,bufferring,33
746f05,2025-06-10 17:16:06,TEST,bufferring,50
fd3ba2,2025-06-10 17:17:26,TEST,bufferring,50
eecc26,2025-06-10 17:18:02,TEST,bufferring,50
1ac858,2025-06-10 17:20:23,TEST,bufferring,50
3088d2,2025-06-10 17:20:46,TEST,bufferring,66
9582dd,2025-06-10 17:22:27,TEST,bufferring,66
3c7025,2025-06-10 17:23:54,TEST,bufferring,0
4f3c1a,2025-06-10 17:23:59,TEST,bufferring,66
5e9684,2025-06-10 17:29:33,TEST,bufferring,66
d4e9d0,2025-06-10 17:30:03,TEST,bufferring,66
67e932,2025-06-10 17:30:32,TEST,bufferring,66
362d47,2025-06-10 17:40:07,TEST,bufferring,66
cc0482,2025-06-10 17:45:20,TEST,bufferring,0
21351a,2025-06-10 17:45:25,TEST,bufferring,83
d72600,2025-06-10 17:46:14,TEST,bufferring,66
1fb3a1,2025-06-10 17:46:50,TEST,bufferring,83
304088,2025-06-10 17:48:19,TEST,bufferring,83
bc7c29,2025-06-10 17:50:40,TEST,bufferring,100
f33f69,2025-06-10 17:50:55,BACK,bufferring,
9e3e8f,2025-06-10 17:51:53,SELF,bufferring,"{c:100,a:6,s:5}"
cf5004,2025-06-10 17:51:59,QUIT,,
e618d6,2025-06-10 22:14:26,OPEN,,
4e4f70,2025-06-10 22:14:39,DOWN,fila_enc,
802d88,2025-06-10 22:14:40,PICK,fila_enc,
4c2557,2025-06-10 22:36:25,TEST,fila_enc,0
0c5e96,2025-06-10 22:36:28,TEST,fila_enc,0
c4a19c,2025-06-10 22:45:36,TEST,fila_enc,0
e69ef8,2025-06-10 22:45:40,TEST,fila_enc,33
000243,2025-06-10 22:47:01,TEST,fila_enc,33
0b460d,2025-06-10 22:48:35,TEST,fila_enc,100
3cfef6,2025-06-10 22:48:40,BACK,fila_enc,
41cc97,2025-06-10 22:48:55,SELF,fila_enc,"{c:100,a:4,s:4}"
764e02,2025-06-10 22:49:05,QUIT,,
7c7612,2025-06-12 15:20:29,OPEN,,
abe4ac,2025-06-12 17:27:05,QUIT,,
966eea,2025-06-14 11:44:22,OPEN,,
2fe15d,2025-06-14 11:44:26,QUIT,,
9d056c,2025-06-14 11:44:51,OPEN,,
85334b,2025-06-14 11:45:36,DOWN,ilhas,
508821,2025-06-14 11:45:37,PICK,ilhas,
9c3677,2025-06-14 12:06:19,TEST,ilhas,0
ea30ed,2025-06-14 12:06:19,SIZE,ilhas,55
ad6331,2025-06-14 12:06:20,TEST,ilhas,0
6e6b0c,2025-06-14 12:06:22,TEST,ilhas,0
c5a458,2025-06-14 12:07:43,TEST,ilhas,0
267981,2025-06-14 12:07:43,SIZE,ilhas,55
09c9d4,2025-06-14 12:07:44,TEST,ilhas,0
a3563e,2025-06-14 12:07:57,TEST,ilhas,0
83bb16,2025-06-14 12:07:57,SIZE,ilhas,55
80e711,2025-06-14 12:08:00,TEST,ilhas,0
d87fd4,2025-06-14 12:08:20,TEST,ilhas,0
5f7b08,2025-06-14 12:08:20,SIZE,ilhas,55
77f515,2025-06-14 12:08:21,TEST,ilhas,0
6c5ec5,2025-06-14 12:08:27,TEST,ilhas,0
f7a932,2025-06-14 12:08:27,SIZE,ilhas,55
5f1f0b,2025-06-14 12:10:41,TEST,ilhas,0
af9111,2025-06-14 12:10:41,SIZE,ilhas,55
97fead,2025-06-14 12:10:43,TEST,ilhas,0
ef10f2,2025-06-14 12:10:44,TEST,ilhas,0
4dffd9,2025-06-14 12:12:04,TEST,ilhas,0
f13aa8,2025-06-14 12:12:04,SIZE,ilhas,55
58f1c2,2025-06-14 12:12:06,TEST,ilhas,0
d1c164,2025-06-14 12:12:07,TEST,ilhas,0
2ea6e5,2025-06-14 12:12:08,TEST,ilhas,0
f6b6b5,2025-06-14 12:12:09,TEST,ilhas,0
57dafa,2025-06-14 12:12:11,TEST,ilhas,0
1a6b24,2025-06-14 12:12:18,TEST,ilhas,0
4227ac,2025-06-14 12:12:18,SIZE,ilhas,55
c296a4,2025-06-14 12:12:20,TEST,ilhas,0
6842d8,2025-06-14 12:12:31,TEST,ilhas,0
f42898,2025-06-14 12:13:35,TEST,ilhas,0
79bdf3,2025-06-14 12:13:35,SIZE,ilhas,54
d74c0c,2025-06-14 12:13:39,TEST,ilhas,0
5d9ae2,2025-06-14 12:13:44,TEST,ilhas,0
47b5ca,2025-06-14 12:29:39,TEST,ilhas,0
d565c8,2025-06-14 12:29:39,SIZE,ilhas,54
c12a6a,2025-06-14 12:29:41,TEST,ilhas,0
d14ead,2025-06-14 12:29:42,TEST,ilhas,0
a478e9,2025-06-14 12:38:20,TEST,ilhas,50
e19f90,2025-06-14 12:38:20,SIZE,ilhas,56
7a042c,2025-06-14 12:38:24,TEST,ilhas,50
548b6f,2025-06-14 12:38:41,TEST,ilhas,100
ea469e,2025-06-14 12:38:41,SIZE,ilhas,56
a5141c,2025-06-14 12:38:53,BACK,ilhas,
8a1a2e,2025-06-14 12:39:01,SELF,ilhas,"{c:100,a:4,s:5,clear:0,fun:0,easy:0}"
7caede,2025-06-14 12:43:39,DOWN,wordsearch,
56c82e,2025-06-14 12:43:40,PICK,wordsearch,
5db98d,2025-06-14 12:48:53,OPEN,,
5a1c9c,2025-06-14 12:49:43,SELF,analise,"{c:0,a:0,s:0,clear:0,fun:0,easy:0}"
4a3f59,2025-06-14 12:50:00,SELF,analise,"{c:100,a:6,s:5,clear:0,fun:0,easy:0}"
cbbbbd,2025-06-14 12:50:14,OPEN,,
d5091b,2025-06-14 13:01:07,PICK,princesa,
5ac755,2025-06-14 13:01:55,TEST,princesa,100
0dcce2,2025-06-14 13:06:21,TEST,princesa,100
6467ed,2025-06-14 13:06:21,SIZE,princesa,38
36fe87,2025-06-14 13:09:27,TEST,princesa,100
1a4da1,2025-06-14 13:10:34,TEST,princesa,100
430eba,2025-06-14 13:10:34,SIZE,princesa,38
af637d,2025-06-14 13:10:38,TEST,princesa,100
0a21f3,2025-06-14 13:10:38,SIZE,princesa,38
35b16f,2025-06-14 13:11:02,BACK,princesa,
1f58a0,2025-06-14 13:11:41,SELF,princesa,"{c:100,a:5,s:5,clear:0,fun:0,easy:0}"
de8e3c,2025-06-14 13:11:44,PICK,princesa,
0416bb,2025-06-14 13:11:46,BACK,princesa,
063848,2025-06-14 13:12:05,SELF,princesa,"{c:100,a:6,s:5,clear:0,fun:0,easy:0}"
3bee8c,2025-06-14 13:12:22,PICK,especiais,
14403f,2025-06-14 13:26:30,BACK,especiais,
9674ca,2025-06-14 13:26:41,PICK,especiais,
b17363,2025-06-14 13:33:47,BACK,especiais,
16395d,2025-06-20 10:09:02,OPEN,,
cde31d,2025-06-20 10:10:13,PICK,queimada,
8c31f6,2025-06-20 10:10:38,TEST,queimada,0
a4e054,2025-06-20 10:25:55,TEST,queimada,100
243882,2025-06-20 10:25:55,SIZE,queimada,69
0fc991,2025-06-20 10:26:41,BACK,queimada,
78752e,2025-06-20 10:26:51,SELF,queimada,"{c:100,a:5,s:5,clear:3,fun:4,easy:3}"
0d8a29,2025-06-20 10:27:16,PICK,multiset,
53152e,2025-06-20 10:27:38,TEST,multiset,0
4dfaac,2025-06-20 10:27:38,SIZE,multiset,145
d83a59,2025-06-20 11:45:37,TEST,multiset,0
d7592e,2025-06-20 11:45:41,TEST,multiset,16
925fa5,2025-06-20 12:10:14,OPEN,,
5e7984,2025-06-20 12:13:27,DOWN,multiset,
d1ebbf,2025-06-20 12:13:31,PICK,multiset,
51e5fd,2025-06-20 12:34:04,TEST,multiset,0
d89385,2025-06-20 12:34:04,SIZE,multiset,104
990d85,2025-06-20 12:34:08,TEST,multiset,0
c489cd,2025-06-21 20:37:14,OPEN,,
eff739,2025-06-21 20:37:33,QUIT,,
21a65a,2025-06-21 20:38:06,OPEN,,
755514,2025-06-21 20:39:20,PICK,multiset,
a3cd38,2025-06-21 20:39:36,TEST,multiset,0
a69d79,2025-06-21 20:39:36,SIZE,multiset,105
8e575b,2025-06-21 21:17:25,TEST,multiset,16
bb0d29,2025-06-21 21:17:25,SIZE,multiset,114
323dd7,2025-06-21 21:20:21,TEST,multiset,33
b02dbd,2025-06-21 21:20:21,SIZE,multiset,128
e7c7b4,2025-06-21 21:30:30,TEST,multiset,50
29da0c,2025-06-21 21:30:30,SIZE,multiset,147
cee5e0,2025-06-21 21:31:29,TEST,multiset,50
b8c168,2025-06-21 21:31:29,SIZE,multiset,157
964c93,2025-06-21 21:31:57,TEST,multiset,50
1fe73e,2025-06-21 21:31:57,SIZE,multiset,158
8c7077,2025-06-21 21:37:20,TEST,multiset,83
384661,2025-06-21 21:37:20,SIZE,multiset,169
6abca2,2025-06-21 21:41:14,TEST,multiset,100
689296,2025-06-21 21:41:14,SIZE,multiset,178
75edfa,2025-06-21 21:41:16,BACK,multiset,
9d2fc5,2025-06-21 21:41:25,SELF,multiset,"{c:100,a:5,s:5,clear:0,fun:0,easy:0}"
969a5d,2025-06-21 21:41:30,SELF,multiset,"{c:100,a:5,s:5,clear:0,fun:0,easy:0}"
dea151,2025-06-21 21:41:34,QUIT,,
